{
  "airports":{
    "country":"Ireland",
    "count":17,
    "airport":[
      {
        "id":596,
        "iata":"ORK",
        "icao":"EICK",
        "createdAt":"2020-09-21T20:07:03.891+02:00",
        "latitude":51.84130096435547,
        "longitude":-8.491109848022461,
        "href":"..\/countries\/ireland\/xml\/airport-ork.json"
      },
      {
        "id":597,
        "iata":"GWY",
        "icao":"EICM",
        "createdAt":"2020-09-21T20:07:03.891+02:00",
        "latitude":53.300201416015625,
        "longitude":-8.941590309143066,
        "href":"..\/countries\/ireland\/xml\/airport-gwy.json"
      },
      {
        "id":599,
        "iata":"DUB",
        "icao":"EIDW",
        "createdAt":"2020-09-21T20:07:03.891+02:00",
        "latitude":53.421299,
        "longitude":-6.27007,
        "href":"..\/countries\/ireland\/xml\/airport-dub.json"
      },
      {
        "id":600,
        "iata":"NOC",
        "icao":"EIKN",
        "createdAt":"2020-09-21T20:07:03.891+02:00",
        "latitude":53.910301208496094,
        "longitude":-8.818490028381348,
        "href":"..\/countries\/ireland\/xml\/airport-noc.json"
      },
      {
        "id":601,
        "iata":"KIR",
        "icao":"EIKY",
        "createdAt":"2020-09-21T20:07:03.891+02:00",
        "latitude":52.18090057373047,
        "longitude":-9.52377986907959,
        "href":"..\/countries\/ireland\/xml\/airport-kir.json"
      },
      {
        "id":602,
        "icao":"EIME",
        "createdAt":"2020-09-21T20:07:03.891+02:00",
        "name":"Casement Air Base",
        "city":"Casement",
        "country":"Ireland",
        "geo":{
          "latitude":53.301700592,
          "longitude":-6.451330184940001,
          "altitude":319
        },
        "temporal":{
          "timezone":0,
          "tzTimezone":"Europe\/Dublin",
          "dst":"E"
        },
        "type":"airport",
        "source1":"OurAirports"
      },
      {
        "id":603,
        "iata":"SNN",
        "icao":"EINN",
        "createdAt":"2020-09-21T20:07:03.891+02:00",
        "latitude":52.702,
        "longitude":-8.92482,
        "href":"..\/countries\/ireland\/xml\/airport-snn.json"
      },
      {
        "id":604,
        "iata":"SXL",
        "icao":"EISG",
        "createdAt":"2020-09-21T20:07:03.891+02:00",
        "latitude":54.280200958252,
        "longitude":-8.5992097854614,
        "href":"..\/countries\/ireland\/xml\/airport-sxl.json"
      },
      {
        "id":605,
        "iata":"WAT",
        "icao":"EIWF",
        "createdAt":"2020-09-21T20:07:03.891+02:00",
        "latitude":52.187198638916016,
        "longitude":-7.0869598388671875,
        "href":"..\/countries\/ireland\/xml\/airport-wat.json"
      },
      {
        "id":5577,
        "iata":"CFN",
        "icao":"EIDL",
        "createdAt":"2020-09-21T20:07:03.891+02:00",
        "latitude":55.0442008972168,
        "longitude":-8.340999603271484,
        "href":"..\/countries\/ireland\/xml\/airport-cfn.json"
      },
      {
        "id":5578,
        "icao":"EIWT",
        "createdAt":"2020-09-21T20:07:03.891+02:00",
        "name":"Weston Airport",
        "city":"Leixlip",
        "country":"Ireland",
        "geo":{
          "latitude":53.3521995544,
          "longitude":-6.48611021042,
          "altitude":150
        },
        "temporal":{
          "timezone":0,
          "tzTimezone":"Europe\/Dublin",
          "dst":"E"
        },
        "type":"airport",
        "source1":"OurAirports"
      },
      {
        "id":6421,
        "iata":"IOR",
        "icao":"EIIM",
        "createdAt":"2020-09-21T20:07:03.891+02:00",
        "latitude":53.1067008972168,
        "longitude":-9.653610229492188,
        "href":"..\/countries\/ireland\/xml\/airport-ior.json"
      },
      {
        "id":6422,
        "iata":"NNR",
        "icao":"EICA",
        "createdAt":"2020-09-21T20:07:03.891+02:00",
        "latitude":53.23030090332031,
        "longitude":-9.467780113220215,
        "href":"..\/countries\/ireland\/xml\/airport-nnr.json"
      },
      {
        "id":7030,
        "iata":"INQ",
        "icao":"EIIR",
        "createdAt":"2020-09-21T20:07:03.891+02:00",
        "latitude":53.064701080322266,
        "longitude":-9.510899543762207,
        "href":"..\/countries\/ireland\/xml\/airport-inq.json"
      },
      {
        "id":7468,
        "iata":"IIA",
        "icao":"EIMN",
        "createdAt":"2020-09-21T20:07:03.891+02:00",
        "latitude":53.09299850463867,
        "longitude":-9.568059921264648,
        "href":"..\/countries\/ireland\/xml\/airport-iia.json"
      },
      {
        "id":8683,
        "icao":"EINC",
        "createdAt":"2020-09-21T20:07:03.891+02:00",
        "name":"Newcastle Aerodrome",
        "city":"Newcastle",
        "country":"Ireland",
        "geo":{
          "latitude":53.07109832763672,
          "longitude":-6.0452799797058105,
          "altitude":1
        },
        "temporal":{
          "timezone":0,
          "tzTimezone":"Europe\/Dublin",
          "dst":"E"
        },
        "type":"airport",
        "source1":"OurAirports"
      },
      {
        "id":8698,
        "iata":"BYT",
        "icao":"EIBN",
        "createdAt":"2020-09-21T20:07:03.891+02:00",
        "latitude":51.66859817504883,
        "longitude":-9.484169960021973,
        "href":"..\/countries\/ireland\/xml\/airport-byt.json"
      }
    ]
  }
}