<conversionSummary>
  <timestamp>20200409-094518</timestamp>
  <returnCode>OK</returnCode>
  <versionInfo>
    <versionNumber>1.0</versionNumber>
    <buildNumber>1.2.1-SNAPSHOT</buildNumber>
  </versionInfo>
  <input>
    <gi fileName="xyz.rtf" fileSize="3594501" />
    <parameters>
      <articleNumber>678003</articleNumber>
      <partyName>Medice</partyName>
      <view>#unspecified</view>
    </parameters>
  </input>
  <output>
    <conversionResults>
      <articleBook fileName="articleBook.xml" fileSize="50912" />
      <images fileName="images.zip" fileSize="160107" />
    </conversionResults>
    <reports>
      <summary fileName="summary.xml" />
      <checkReport fileName="checkreport.docx" fileSize="200852" />
    </reports>
  </output>
</conversionSummary>