{
  "airport":{
    "id":617,
    "iata":"RKE",
    "icao":"EKRK",
    "createdAt":"2020-09-21T20:07:03.891+02:00",
    "name":"Copenhagen Roskilde Airport",
    "city":"Copenhagen",
    "country":"Denmark",
    "geo":{
      "latitude":55.585601806640625,
      "longitude":12.131400108337402,
      "altitude":146
    },
    "temporal":{
      "timezone":1,
      "tzTimezone":"Europe\/Copenhagen",
      "dst":"E"
    },
    "type":"airport",
    "source1":"OurAirports"
  }
}