<airport id="629" iata="LUX" icao="ELLX" createdAt="2020-09-21T20:07:03.891+02:00">
  <name>Luxembourg-Findel International Airport</name>
  <city>Luxemburg</city>
  <country>Luxembourg</country>
  <geo>
    <latitude>49.6233333</latitude>
    <longitude>6.2044444</longitude>
    <altitude>1234</altitude>
  </geo>
  <temporal>
    <timezone>1</timezone>
    <tzTimezone>Europe/Luxembourg</tzTimezone>
    <dst>E</dst>
  </temporal>
  <type>airport</type>
  <source1>OurAirports</source1>
</airport>