{
  "airports":{
    "country":"Finland",
    "count":51,
    "airport":[
      {
        "id":417,
        "iata":"ENF",
        "icao":"EFET",
        "href":"finland\/airport-ENF.xml"
      },
      {
        "id":418,
        "icao":"EFEU",
        "name":"Eura Airport",
        "city":"Eura",
        "country":"Finland",
        "latitude":61.1161003112793,
        "longitude":22.201400756835938,
        "altitude":259,
        "timezone":2,
        "dst":"E",
        "tzTimezone":"Europe\/Helsinki",
        "type":"airport",
        "source1":"OurAirports"
      },
      {
        "id":419,
        "iata":"KEV",
        "icao":"EFHA",
        "href":"finland\/airport-KEV.xml"
      },
      {
        "id":420,
        "iata":"HEM",
        "icao":"EFHF",
        "href":"finland\/airport-HEM.xml"
      },
      {
        "id":421,
        "iata":"HEL",
        "icao":"EFHK",
        "href":"finland\/airport-HEL.xml"
      },
      {
        "id":422,
        "icao":"EFHM",
        "name":"Hameenkyro Airport",
        "city":"Hameenkyro",
        "country":"Finland",
        "latitude":61.689701080322266,
        "longitude":23.073699951171875,
        "altitude":449,
        "timezone":2,
        "dst":"E",
        "tzTimezone":"Europe\/Helsinki",
        "type":"airport",
        "source1":"OurAirports"
      },
      {
        "id":423,
        "icao":"EFHN",
        "name":"Hanko Airport",
        "city":"Hanko",
        "country":"Finland",
        "latitude":59.848899841308594,
        "longitude":23.083599090576172,
        "altitude":20,
        "timezone":2,
        "dst":"E",
        "tzTimezone":"Europe\/Helsinki",
        "type":"airport",
        "source1":"OurAirports"
      },
      {
        "id":424,
        "iata":"HYV",
        "icao":"EFHV",
        "href":"finland\/airport-HYV.xml"
      },
      {
        "id":425,
        "icao":"EFIK",
        "name":"Kiikala Airport",
        "city":"Kikala",
        "country":"Finland",
        "latitude":60.4625015259,
        "longitude":23.6525001526,
        "altitude":381,
        "timezone":2,
        "dst":"E",
        "tzTimezone":"Europe\/Helsinki",
        "type":"airport",
        "source1":"OurAirports"
      },
      {
        "id":426,
        "icao":"EFIM",
        "name":"Immola Airport",
        "city":"Immola",
        "country":"Finland",
        "latitude":61.24919891357422,
        "longitude":28.90369987487793,
        "altitude":338,
        "timezone":2,
        "dst":"E",
        "tzTimezone":"Europe\/Helsinki",
        "type":"airport",
        "source1":"OurAirports"
      },
      {
        "id":427,
        "iata":"KTQ",
        "icao":"EFIT",
        "href":"finland\/airport-KTQ.xml"
      },
      {
        "id":428,
        "iata":"IVL",
        "icao":"EFIV",
        "href":"finland\/airport-IVL.xml"
      },
      {
        "id":429,
        "iata":"JOE",
        "icao":"EFJO",
        "href":"finland\/airport-JOE.xml"
      },
      {
        "id":430,
        "iata":"JYV",
        "icao":"EFJY",
        "href":"finland\/airport-JYV.xml"
      },
      {
        "id":431,
        "iata":"KAU",
        "icao":"EFKA",
        "href":"finland\/airport-KAU.xml"
      },
      {
        "id":432,
        "iata":"KEM",
        "icao":"EFKE",
        "href":"finland\/airport-KEM.xml"
      },
      {
        "id":433,
        "iata":"KAJ",
        "icao":"EFKI",
        "href":"finland\/airport-KAJ.xml"
      },
      {
        "id":434,
        "iata":"KHJ",
        "icao":"EFKJ",
        "href":"finland\/airport-KHJ.xml"
      },
      {
        "id":435,
        "iata":"KOK",
        "icao":"EFKK",
        "href":"finland\/airport-KOK.xml"
      },
      {
        "id":436,
        "icao":"EFKM",
        "name":"Kemijarvi Airport",
        "city":"Kemijarvi",
        "country":"Finland",
        "latitude":66.712898,
        "longitude":27.156799,
        "altitude":692,
        "timezone":2,
        "dst":"E",
        "tzTimezone":"Europe\/Helsinki",
        "type":"airport",
        "source1":"OurAirports"
      },
      {
        "id":437,
        "iata":"KAO",
        "icao":"EFKS",
        "href":"finland\/airport-KAO.xml"
      },
      {
        "id":438,
        "iata":"KTT",
        "icao":"EFKT",
        "href":"finland\/airport-KTT.xml"
      },
      {
        "id":439,
        "iata":"KUO",
        "icao":"EFKU",
        "href":"finland\/airport-KUO.xml"
      },
      {
        "id":440,
        "iata":"QLF",
        "icao":"EFLA",
        "href":"finland\/airport-QLF.xml"
      },
      {
        "id":441,
        "iata":"LPP",
        "icao":"EFLP",
        "href":"finland\/airport-LPP.xml"
      },
      {
        "id":442,
        "iata":"MHQ",
        "icao":"EFMA",
        "href":"finland\/airport-MHQ.xml"
      },
      {
        "id":443,
        "icao":"EFME",
        "name":"Menkijarvi Airport",
        "city":"Menkijarvi",
        "country":"Finland",
        "latitude":62.94670104980469,
        "longitude":23.51889991760254,
        "altitude":331,
        "timezone":2,
        "dst":"E",
        "tzTimezone":"Europe\/Helsinki",
        "type":"airport",
        "source1":"OurAirports"
      },
      {
        "id":444,
        "iata":"MIK",
        "icao":"EFMI",
        "href":"finland\/airport-MIK.xml"
      },
      {
        "id":445,
        "icao":"EFNU",
        "name":"Nummela Airport",
        "city":"Nummela",
        "country":"Finland",
        "latitude":60.333900451699996,
        "longitude":24.2964000702,
        "altitude":367,
        "timezone":2,
        "dst":"E",
        "tzTimezone":"Europe\/Helsinki",
        "type":"airport",
        "source1":"OurAirports"
      },
      {
        "id":446,
        "iata":"OUL",
        "icao":"EFOU",
        "href":"finland\/airport-OUL.xml"
      },
      {
        "id":447,
        "icao":"EFPI",
        "name":"Piikajarvi Airport",
        "city":"Piikajarvi",
        "country":"Finland",
        "latitude":61.245601654052734,
        "longitude":22.19339942932129,
        "altitude":148,
        "timezone":2,
        "dst":"E",
        "tzTimezone":"Europe\/Helsinki",
        "type":"airport",
        "source1":"OurAirports"
      },
      {
        "id":448,
        "iata":"POR",
        "icao":"EFPO",
        "href":"finland\/airport-POR.xml"
      },
      {
        "id":449,
        "icao":"EFPU",
        "name":"Pudasjärvi Airport",
        "city":"Pudasjarvi",
        "country":"Finland",
        "latitude":65.4021987915,
        "longitude":26.946899414100002,
        "altitude":397,
        "timezone":2,
        "dst":"E",
        "tzTimezone":"Europe\/Helsinki",
        "type":"airport",
        "source1":"OurAirports"
      },
      {
        "id":450,
        "icao":"EFPY",
        "name":"Pyhäsalmi Airport",
        "city":"Pyhasalmi",
        "country":"Finland",
        "latitude":63.7318992615,
        "longitude":25.926300048799998,
        "altitude":528,
        "timezone":2,
        "dst":"E",
        "tzTimezone":"Europe\/Helsinki",
        "type":"airport",
        "source1":"OurAirports"
      },
      {
        "id":451,
        "icao":"EFRH",
        "name":"Raahe Pattijoki Airport",
        "city":"Pattijoki",
        "country":"Finland",
        "latitude":64.6881027222,
        "longitude":24.6958007812,
        "altitude":118,
        "timezone":2,
        "dst":"E",
        "tzTimezone":"Europe\/Helsinki",
        "type":"airport",
        "source1":"OurAirports"
      },
      {
        "id":452,
        "icao":"EFRN",
        "name":"Rantasalmi Airport",
        "city":"Rantasalmi",
        "country":"Finland",
        "latitude":62.0654983521,
        "longitude":28.3565006256,
        "altitude":292,
        "timezone":2,
        "dst":"E",
        "tzTimezone":"Europe\/Helsinki",
        "type":"airport",
        "source1":"OurAirports"
      },
      {
        "id":453,
        "iata":"RVN",
        "icao":"EFRO",
        "href":"finland\/airport-RVN.xml"
      },
      {
        "id":454,
        "icao":"EFRY",
        "name":"Rayskala Airport",
        "city":"Rayskala",
        "country":"Finland",
        "latitude":60.74470138549805,
        "longitude":24.107799530029297,
        "altitude":407,
        "timezone":2,
        "dst":"E",
        "tzTimezone":"Europe\/Helsinki",
        "type":"airport",
        "source1":"OurAirports"
      },
      {
        "id":455,
        "iata":"SVL",
        "icao":"EFSA",
        "href":"finland\/airport-SVL.xml"
      },
      {
        "id":456,
        "icao":"EFSE",
        "name":"Selanpaa Airport",
        "city":"Selanpaa",
        "country":"Finland",
        "latitude":61.062400817871094,
        "longitude":26.798900604248047,
        "altitude":417,
        "timezone":2,
        "dst":"E",
        "tzTimezone":"Europe\/Helsinki",
        "type":"airport",
        "source1":"OurAirports"
      },
      {
        "id":457,
        "iata":"SOT",
        "icao":"EFSO",
        "href":"finland\/airport-SOT.xml"
      },
      {
        "id":458,
        "iata":"TMP",
        "icao":"EFTP",
        "href":"finland\/airport-TMP.xml"
      },
      {
        "id":459,
        "icao":"EFTS",
        "name":"Teisko Airport",
        "city":"Teisko",
        "country":"Finland",
        "latitude":61.7733,
        "longitude":24.027,
        "altitude":515,
        "timezone":2,
        "dst":"E",
        "tzTimezone":"Europe\/Helsinki",
        "type":"airport",
        "source1":"OurAirports"
      },
      {
        "id":460,
        "iata":"TKU",
        "icao":"EFTU",
        "href":"finland\/airport-TKU.xml"
      },
      {
        "id":461,
        "iata":"UTI",
        "icao":"EFUT",
        "href":"finland\/airport-UTI.xml"
      },
      {
        "id":462,
        "iata":"VAA",
        "icao":"EFVA",
        "href":"finland\/airport-VAA.xml"
      },
      {
        "id":463,
        "iata":"VRK",
        "icao":"EFVR",
        "href":"finland\/airport-VRK.xml"
      },
      {
        "id":464,
        "iata":"YLI",
        "icao":"EFYL",
        "href":"finland\/airport-YLI.xml"
      },
      {
        "id":5560,
        "iata":"SJY",
        "icao":"EFSI",
        "href":"finland\/airport-SJY.xml"
      },
      {
        "id":7725,
        "icao":"EFHE",
        "name":"Hernesaari Heliport",
        "city":"Helsinki",
        "country":"Finland",
        "latitude":60.14777755737305,
        "longitude":24.9244441986084,
        "altitude":7,
        "timezone":2,
        "dst":"E",
        "tzTimezone":"Europe\/Helsinki",
        "type":"airport",
        "source1":"OurAirports"
      },
      {
        "id":10295,
        "icao":"EFKY",
        "name":"Kymi Airport",
        "city":"Kotka",
        "country":"Finland",
        "latitude":60.5713996887207,
        "longitude":26.896099090576172,
        "altitude":223,
        "timezone":2,
        "dst":"E",
        "tzTimezone":"\\N",
        "type":"airport",
        "source1":"OurAirports"
      }
    ]
  }
}