{
  "airports":{
    "country":"Ireland",
    "count":17,
    "airport":[
      {
        "id":596,
        "iata":"ORK",
        "icao":"EICK",
        "href":"ireland\/airport-ORK.xml"
      },
      {
        "id":597,
        "iata":"GWY",
        "icao":"EICM",
        "href":"ireland\/airport-GWY.xml"
      },
      {
        "id":599,
        "iata":"DUB",
        "icao":"EIDW",
        "href":"ireland\/airport-DUB.xml"
      },
      {
        "id":600,
        "iata":"NOC",
        "icao":"EIKN",
        "href":"ireland\/airport-NOC.xml"
      },
      {
        "id":601,
        "iata":"KIR",
        "icao":"EIKY",
        "href":"ireland\/airport-KIR.xml"
      },
      {
        "id":602,
        "icao":"EIME",
        "name":"Casement Air Base",
        "city":"Casement",
        "country":"Ireland",
        "latitude":53.301700592,
        "longitude":-6.451330184940001,
        "altitude":319,
        "timezone":0,
        "dst":"E",
        "tzTimezone":"Europe\/Dublin",
        "type":"airport",
        "source1":"OurAirports"
      },
      {
        "id":603,
        "iata":"SNN",
        "icao":"EINN",
        "href":"ireland\/airport-SNN.xml"
      },
      {
        "id":604,
        "iata":"SXL",
        "icao":"EISG",
        "href":"ireland\/airport-SXL.xml"
      },
      {
        "id":605,
        "iata":"WAT",
        "icao":"EIWF",
        "href":"ireland\/airport-WAT.xml"
      },
      {
        "id":5577,
        "iata":"CFN",
        "icao":"EIDL",
        "href":"ireland\/airport-CFN.xml"
      },
      {
        "id":5578,
        "icao":"EIWT",
        "name":"Weston Airport",
        "city":"Leixlip",
        "country":"Ireland",
        "latitude":53.3521995544,
        "longitude":-6.48611021042,
        "altitude":150,
        "timezone":0,
        "dst":"E",
        "tzTimezone":"Europe\/Dublin",
        "type":"airport",
        "source1":"OurAirports"
      },
      {
        "id":6421,
        "iata":"IOR",
        "icao":"EIIM",
        "href":"ireland\/airport-IOR.xml"
      },
      {
        "id":6422,
        "iata":"NNR",
        "icao":"EICA",
        "href":"ireland\/airport-NNR.xml"
      },
      {
        "id":7030,
        "iata":"INQ",
        "icao":"EIIR",
        "href":"ireland\/airport-INQ.xml"
      },
      {
        "id":7468,
        "iata":"IIA",
        "icao":"EIMN",
        "href":"ireland\/airport-IIA.xml"
      },
      {
        "id":8683,
        "icao":"EINC",
        "name":"Newcastle Aerodrome",
        "city":"Newcastle",
        "country":"Ireland",
        "latitude":53.07109832763672,
        "longitude":-6.0452799797058105,
        "altitude":1,
        "timezone":0,
        "dst":"E",
        "tzTimezone":"Europe\/Dublin",
        "type":"airport",
        "source1":"OurAirports"
      },
      {
        "id":8698,
        "iata":"BYT",
        "icao":"EIBN",
        "href":"ireland\/airport-BYT.xml"
      }
    ]
  }
}