{
  "airports":{
    "country":"Denmark",
    "count":31,
    "airport":[
      {
        "id":607,
        "iata":"AAR",
        "icao":"EKAH",
        "href":"denmark\/airport-AAR.xml"
      },
      {
        "id":608,
        "iata":"BLL",
        "icao":"EKBI",
        "href":"denmark\/airport-BLL.xml"
      },
      {
        "id":609,
        "iata":"CPH",
        "icao":"EKCH",
        "href":"denmark\/airport-CPH.xml"
      },
      {
        "id":610,
        "iata":"EBJ",
        "icao":"EKEB",
        "href":"denmark\/airport-EBJ.xml"
      },
      {
        "id":611,
        "icao":"EKGH",
        "name":"Grønholt Hillerød Airport",
        "city":"Gronholt",
        "country":"Denmark",
        "latitude":55.94139862060547,
        "longitude":12.382200241088867,
        "altitude":97,
        "timezone":1,
        "dst":"E",
        "tzTimezone":"Europe\/Copenhagen",
        "type":"airport",
        "source1":"OurAirports"
      },
      {
        "id":612,
        "iata":"KRP",
        "icao":"EKKA",
        "href":"denmark\/airport-KRP.xml"
      },
      {
        "id":613,
        "iata":"BYR",
        "icao":"EKLS",
        "href":"denmark\/airport-BYR.xml"
      },
      {
        "id":614,
        "iata":"MRW",
        "icao":"EKMB",
        "href":"denmark\/airport-MRW.xml"
      },
      {
        "id":615,
        "iata":"ODE",
        "icao":"EKOD",
        "href":"denmark\/airport-ODE.xml"
      },
      {
        "id":616,
        "icao":"EKPB",
        "name":"Kruså-Padborg Airport",
        "city":"Krusa-padborg",
        "country":"Denmark",
        "latitude":54.87030029296875,
        "longitude":9.279009819030762,
        "altitude":88,
        "timezone":1,
        "dst":"E",
        "tzTimezone":"Europe\/Copenhagen",
        "type":"airport",
        "source1":"OurAirports"
      },
      {
        "id":617,
        "iata":"RKE",
        "icao":"EKRK",
        "href":"denmark\/airport-RKE.xml"
      },
      {
        "id":618,
        "iata":"RNN",
        "icao":"EKRN",
        "href":"denmark\/airport-RNN.xml"
      },
      {
        "id":619,
        "iata":"SGD",
        "icao":"EKSB",
        "href":"denmark\/airport-SGD.xml"
      },
      {
        "id":621,
        "iata":"SKS",
        "icao":"EKSP",
        "href":"denmark\/airport-SKS.xml"
      },
      {
        "id":622,
        "iata":"SQW",
        "icao":"EKSV",
        "href":"denmark\/airport-SQW.xml"
      },
      {
        "id":623,
        "iata":"TED",
        "icao":"EKTS",
        "href":"denmark\/airport-TED.xml"
      },
      {
        "id":624,
        "icao":"EKVD",
        "name":"Kolding Vamdrup Airfield",
        "city":"Kolding",
        "country":"Denmark",
        "latitude":55.436298,
        "longitude":9.33092,
        "altitude":143,
        "timezone":1,
        "dst":"E",
        "tzTimezone":"Europe\/Copenhagen",
        "type":"airport",
        "source1":"OurAirports"
      },
      {
        "id":626,
        "icao":"EKVH",
        "name":"Vesthimmerlands Flyveplads",
        "city":"Vesthimmerland",
        "country":"Denmark",
        "latitude":56.846901,
        "longitude":9.45861,
        "altitude":119,
        "timezone":1,
        "dst":"E",
        "tzTimezone":"Europe\/Copenhagen",
        "type":"airport",
        "source1":"OurAirports"
      },
      {
        "id":627,
        "iata":"STA",
        "icao":"EKVJ",
        "href":"denmark\/airport-STA.xml"
      },
      {
        "id":628,
        "iata":"AAL",
        "icao":"EKYT",
        "href":"denmark\/airport-AAL.xml"
      },
      {
        "id":4080,
        "icao":"EKSS",
        "name":"Samsø Airport",
        "city":"Samsoe",
        "country":"Denmark",
        "latitude":55.88949966430664,
        "longitude":10.613699913024902,
        "altitude":1,
        "timezone":1,
        "dst":"E",
        "tzTimezone":"Europe\/Copenhagen",
        "type":"airport",
        "source1":"OurAirports"
      },
      {
        "id":5579,
        "iata":"CNL",
        "icao":"EKSN",
        "href":"denmark\/airport-CNL.xml"
      },
      {
        "id":6855,
        "icao":"EKKL",
        "name":"Kalundborg Airport",
        "city":"Kalundborg",
        "country":"Denmark",
        "latitude":55.70029830932617,
        "longitude":11.25,
        "altitude":1,
        "timezone":1,
        "dst":"E",
        "tzTimezone":"Europe\/Copenhagen",
        "type":"airport",
        "source1":"OurAirports"
      },
      {
        "id":8097,
        "icao":"EKTD",
        "name":"Tønder Airport",
        "city":"Toender",
        "country":"Denmark",
        "latitude":54.9296989440918,
        "longitude":8.840570449829102,
        "altitude":1,
        "timezone":1,
        "dst":"E",
        "tzTimezone":"Europe\/Copenhagen",
        "type":"airport",
        "source1":"OurAirports"
      },
      {
        "id":9075,
        "icao":"EKEL",
        "name":"Endelave Flyveplads",
        "city":"Endelage",
        "country":"Denmark",
        "latitude":55.7565,
        "longitude":10.2485,
        "altitude":15,
        "timezone":1,
        "dst":"E",
        "tzTimezone":"Europe\/Copenhagen",
        "type":"airport",
        "source1":"OurAirports"
      },
      {
        "id":9136,
        "icao":"EKHG",
        "name":"Herning Airport",
        "city":"Herning",
        "country":"Denmark",
        "latitude":56.18470001220703,
        "longitude":9.044449806213379,
        "altitude":167,
        "timezone":1,
        "dst":"E",
        "tzTimezone":"Europe\/Copenhagen",
        "type":"airport",
        "source1":"OurAirports"
      },
      {
        "id":11129,
        "icao":"EKNB",
        "name":"Nordborg Flyveplads",
        "city":"Nordborg",
        "country":"Denmark",
        "latitude":55.07485,
        "longitude":9.753379,
        "altitude":0,
        "timezone":1,
        "dst":"E",
        "tzTimezone":"\\N",
        "type":"airport",
        "source1":"OurAirports"
      },
      {
        "id":11719,
        "icao":"EKAE",
        "name":"Ærø Airport",
        "city":"Aero",
        "country":"Denmark",
        "latitude":54.85279846191406,
        "longitude":10.456399917602539,
        "altitude":3,
        "timezone":1,
        "dst":"E",
        "tzTimezone":"\\N",
        "type":"airport",
        "source1":"OurAirports"
      },
      {
        "id":12931,
        "icao":"SVFT",
        "name":"El Fuentero Airport",
        "city":"Svenborg",
        "country":"Denmark",
        "latitude":7.099999904632568,
        "longitude":-69.58333587646484,
        "altitude":420,
        "timezone":1,
        "dst":"E",
        "tzTimezone":"\\N",
        "type":"airport",
        "source1":"OurAirports"
      },
      {
        "id":13405,
        "icao":"EKAT",
        "name":"Anholt Airport",
        "city":"Anholt",
        "country":"Denmark",
        "latitude":56.698898315399994,
        "longitude":11.5558996201,
        "altitude":23,
        "timezone":1,
        "dst":"E",
        "tzTimezone":"\\N",
        "type":"airport",
        "source1":"OurAirports"
      },
      {
        "id":13435,
        "icao":"EKAC",
        "name":"Aarhus Seaplne Terminal",
        "city":"Aarhus",
        "country":"Denmark",
        "latitude":56.151717,
        "longitude":10.248428,
        "altitude":0,
        "timezone":2,
        "dst":"E",
        "tzTimezone":"\\N",
        "type":"airport",
        "source1":"OurAirports"
      }
    ]
  }
}