<airports country="Finland" count="51">
  <airport id="417" iata="ENF" icao="EFET" href="finland/airport-enf.xml"/>
  <airport id="418" icao="EFEU">
    <name>Eura Airport</name>
    <city>Eura</city>
    <country>Finland</country>
    <latitude>61.1161003112793</latitude>
    <longitude>22.201400756835938</longitude>
    <altitude>259</altitude>
    <timezone>2</timezone>
    <dst>E</dst>
    <tzTimezone>Europe/Helsinki</tzTimezone>
    <type>airport</type>
    <source1>OurAirports</source1>
  </airport>
  <airport id="419" iata="KEV" icao="EFHA" href="finland/airport-kev.xml"/>
  <airport id="420" iata="HEM" icao="EFHF" href="finland/airport-hem.xml"/>
  <airport id="421" iata="HEL" icao="EFHK" href="finland/airport-hel.xml"/>
  <airport id="422" icao="EFHM">
    <name>Hameenkyro Airport</name>
    <city>Hameenkyro</city>
    <country>Finland</country>
    <latitude>61.689701080322266</latitude>
    <longitude>23.073699951171875</longitude>
    <altitude>449</altitude>
    <timezone>2</timezone>
    <dst>E</dst>
    <tzTimezone>Europe/Helsinki</tzTimezone>
    <type>airport</type>
    <source1>OurAirports</source1>
  </airport>
  <airport id="423" icao="EFHN">
    <name>Hanko Airport</name>
    <city>Hanko</city>
    <country>Finland</country>
    <latitude>59.848899841308594</latitude>
    <longitude>23.083599090576172</longitude>
    <altitude>20</altitude>
    <timezone>2</timezone>
    <dst>E</dst>
    <tzTimezone>Europe/Helsinki</tzTimezone>
    <type>airport</type>
    <source1>OurAirports</source1>
  </airport>
  <airport id="424" iata="HYV" icao="EFHV" href="finland/airport-hyv.xml"/>
  <airport id="425" icao="EFIK">
    <name>Kiikala Airport</name>
    <city>Kikala</city>
    <country>Finland</country>
    <latitude>60.4625015259</latitude>
    <longitude>23.6525001526</longitude>
    <altitude>381</altitude>
    <timezone>2</timezone>
    <dst>E</dst>
    <tzTimezone>Europe/Helsinki</tzTimezone>
    <type>airport</type>
    <source1>OurAirports</source1>
  </airport>
  <airport id="426" icao="EFIM">
    <name>Immola Airport</name>
    <city>Immola</city>
    <country>Finland</country>
    <latitude>61.24919891357422</latitude>
    <longitude>28.90369987487793</longitude>
    <altitude>338</altitude>
    <timezone>2</timezone>
    <dst>E</dst>
    <tzTimezone>Europe/Helsinki</tzTimezone>
    <type>airport</type>
    <source1>OurAirports</source1>
  </airport>
  <airport id="427" iata="KTQ" icao="EFIT" href="finland/airport-ktq.xml"/>
  <airport id="428" iata="IVL" icao="EFIV" href="finland/airport-ivl.xml"/>
  <airport id="429" iata="JOE" icao="EFJO" href="finland/airport-joe.xml"/>
  <airport id="430" iata="JYV" icao="EFJY" href="finland/airport-jyv.xml"/>
  <airport id="431" iata="KAU" icao="EFKA" href="finland/airport-kau.xml"/>
  <airport id="432" iata="KEM" icao="EFKE" href="finland/airport-kem.xml"/>
  <airport id="433" iata="KAJ" icao="EFKI" href="finland/airport-kaj.xml"/>
  <airport id="434" iata="KHJ" icao="EFKJ" href="finland/airport-khj.xml"/>
  <airport id="435" iata="KOK" icao="EFKK" href="finland/airport-kok.xml"/>
  <airport id="436" icao="EFKM">
    <name>Kemijarvi Airport</name>
    <city>Kemijarvi</city>
    <country>Finland</country>
    <latitude>66.712898</latitude>
    <longitude>27.156799</longitude>
    <altitude>692</altitude>
    <timezone>2</timezone>
    <dst>E</dst>
    <tzTimezone>Europe/Helsinki</tzTimezone>
    <type>airport</type>
    <source1>OurAirports</source1>
  </airport>
  <airport id="437" iata="KAO" icao="EFKS" href="finland/airport-kao.xml"/>
  <airport id="438" iata="KTT" icao="EFKT" href="finland/airport-ktt.xml"/>
  <airport id="439" iata="KUO" icao="EFKU" href="finland/airport-kuo.xml"/>
  <airport id="440" iata="QLF" icao="EFLA" href="finland/airport-qlf.xml"/>
  <airport id="441" iata="LPP" icao="EFLP" href="finland/airport-lpp.xml"/>
  <airport id="442" iata="MHQ" icao="EFMA" href="finland/airport-mhq.xml"/>
  <airport id="443" icao="EFME">
    <name>Menkijarvi Airport</name>
    <city>Menkijarvi</city>
    <country>Finland</country>
    <latitude>62.94670104980469</latitude>
    <longitude>23.51889991760254</longitude>
    <altitude>331</altitude>
    <timezone>2</timezone>
    <dst>E</dst>
    <tzTimezone>Europe/Helsinki</tzTimezone>
    <type>airport</type>
    <source1>OurAirports</source1>
  </airport>
  <airport id="444" iata="MIK" icao="EFMI" href="finland/airport-mik.xml"/>
  <airport id="445" icao="EFNU">
    <name>Nummela Airport</name>
    <city>Nummela</city>
    <country>Finland</country>
    <latitude>60.333900451699996</latitude>
    <longitude>24.2964000702</longitude>
    <altitude>367</altitude>
    <timezone>2</timezone>
    <dst>E</dst>
    <tzTimezone>Europe/Helsinki</tzTimezone>
    <type>airport</type>
    <source1>OurAirports</source1>
  </airport>
  <airport id="446" iata="OUL" icao="EFOU" href="finland/airport-oul.xml"/>
  <airport id="447" icao="EFPI">
    <name>Piikajarvi Airport</name>
    <city>Piikajarvi</city>
    <country>Finland</country>
    <latitude>61.245601654052734</latitude>
    <longitude>22.19339942932129</longitude>
    <altitude>148</altitude>
    <timezone>2</timezone>
    <dst>E</dst>
    <tzTimezone>Europe/Helsinki</tzTimezone>
    <type>airport</type>
    <source1>OurAirports</source1>
  </airport>
  <airport id="448" iata="POR" icao="EFPO" href="finland/airport-por.xml"/>
  <airport id="449" icao="EFPU">
    <name>Pudasjärvi Airport</name>
    <city>Pudasjarvi</city>
    <country>Finland</country>
    <latitude>65.4021987915</latitude>
    <longitude>26.946899414100002</longitude>
    <altitude>397</altitude>
    <timezone>2</timezone>
    <dst>E</dst>
    <tzTimezone>Europe/Helsinki</tzTimezone>
    <type>airport</type>
    <source1>OurAirports</source1>
  </airport>
  <airport id="450" icao="EFPY">
    <name>Pyhäsalmi Airport</name>
    <city>Pyhasalmi</city>
    <country>Finland</country>
    <latitude>63.7318992615</latitude>
    <longitude>25.926300048799998</longitude>
    <altitude>528</altitude>
    <timezone>2</timezone>
    <dst>E</dst>
    <tzTimezone>Europe/Helsinki</tzTimezone>
    <type>airport</type>
    <source1>OurAirports</source1>
  </airport>
  <airport id="451" icao="EFRH">
    <name>Raahe Pattijoki Airport</name>
    <city>Pattijoki</city>
    <country>Finland</country>
    <latitude>64.6881027222</latitude>
    <longitude>24.6958007812</longitude>
    <altitude>118</altitude>
    <timezone>2</timezone>
    <dst>E</dst>
    <tzTimezone>Europe/Helsinki</tzTimezone>
    <type>airport</type>
    <source1>OurAirports</source1>
  </airport>
  <airport id="452" icao="EFRN">
    <name>Rantasalmi Airport</name>
    <city>Rantasalmi</city>
    <country>Finland</country>
    <latitude>62.0654983521</latitude>
    <longitude>28.3565006256</longitude>
    <altitude>292</altitude>
    <timezone>2</timezone>
    <dst>E</dst>
    <tzTimezone>Europe/Helsinki</tzTimezone>
    <type>airport</type>
    <source1>OurAirports</source1>
  </airport>
  <airport id="453" iata="RVN" icao="EFRO" href="finland/airport-rvn.xml"/>
  <airport id="454" icao="EFRY">
    <name>Rayskala Airport</name>
    <city>Rayskala</city>
    <country>Finland</country>
    <latitude>60.74470138549805</latitude>
    <longitude>24.107799530029297</longitude>
    <altitude>407</altitude>
    <timezone>2</timezone>
    <dst>E</dst>
    <tzTimezone>Europe/Helsinki</tzTimezone>
    <type>airport</type>
    <source1>OurAirports</source1>
  </airport>
  <airport id="455" iata="SVL" icao="EFSA" href="finland/airport-svl.xml"/>
  <airport id="456" icao="EFSE">
    <name>Selanpaa Airport</name>
    <city>Selanpaa</city>
    <country>Finland</country>
    <latitude>61.062400817871094</latitude>
    <longitude>26.798900604248047</longitude>
    <altitude>417</altitude>
    <timezone>2</timezone>
    <dst>E</dst>
    <tzTimezone>Europe/Helsinki</tzTimezone>
    <type>airport</type>
    <source1>OurAirports</source1>
  </airport>
  <airport id="457" iata="SOT" icao="EFSO" href="finland/airport-sot.xml"/>
  <airport id="458" iata="TMP" icao="EFTP" href="finland/airport-tmp.xml"/>
  <airport id="459" icao="EFTS">
    <name>Teisko Airport</name>
    <city>Teisko</city>
    <country>Finland</country>
    <latitude>61.7733</latitude>
    <longitude>24.027</longitude>
    <altitude>515</altitude>
    <timezone>2</timezone>
    <dst>E</dst>
    <tzTimezone>Europe/Helsinki</tzTimezone>
    <type>airport</type>
    <source1>OurAirports</source1>
  </airport>
  <airport id="460" iata="TKU" icao="EFTU" href="finland/airport-tku.xml"/>
  <airport id="461" iata="UTI" icao="EFUT" href="finland/airport-uti.xml"/>
  <airport id="462" iata="VAA" icao="EFVA" href="finland/airport-vaa.xml"/>
  <airport id="463" iata="VRK" icao="EFVR" href="finland/airport-vrk.xml"/>
  <airport id="464" iata="YLI" icao="EFYL" href="finland/airport-yli.xml"/>
  <airport id="5560" iata="SJY" icao="EFSI" href="finland/airport-sjy.xml"/>
  <airport id="7725" icao="EFHE">
    <name>Hernesaari Heliport</name>
    <city>Helsinki</city>
    <country>Finland</country>
    <latitude>60.14777755737305</latitude>
    <longitude>24.9244441986084</longitude>
    <altitude>7</altitude>
    <timezone>2</timezone>
    <dst>E</dst>
    <tzTimezone>Europe/Helsinki</tzTimezone>
    <type>airport</type>
    <source1>OurAirports</source1>
  </airport>
  <airport id="10295" icao="EFKY">
    <name>Kymi Airport</name>
    <city>Kotka</city>
    <country>Finland</country>
    <latitude>60.5713996887207</latitude>
    <longitude>26.896099090576172</longitude>
    <altitude>223</altitude>
    <timezone>2</timezone>
    <dst>E</dst>
    <tzTimezone>\N</tzTimezone>
    <type>airport</type>
    <source1>OurAirports</source1>
  </airport>
</airports>