<airport id="609" iata="CPH" icao="EKCH" createdAt="2020-09-21T20:07:03.891+02:00">
  <name>Copenhagen Kastrup Airport</name>
  <city>Copenhagen</city>
  <country>Denmark</country>
  <geo>
    <latitude>55.617900848389</latitude>
    <longitude>12.656000137329</longitude>
    <altitude>17</altitude>
  </geo>
  <temporal>
    <timezone>1</timezone>
    <tzTimezone>Europe/Copenhagen</tzTimezone>
    <dst>E</dst>
  </temporal>
  <type>airport</type>
  <source1>OurAirports</source1>
</airport>