<airport id="623" iata="TED" icao="EKTS" createdAt="2020-09-21T20:07:03.891+02:00">
  <name>Thisted Airport</name>
  <city>Thisted</city>
  <country>Denmark</country>
  <geo>
    <latitude>57.06880187988281</latitude>
    <longitude>8.705220222473145</longitude>
    <altitude>23</altitude>
  </geo>
  <temporal>
    <timezone>1</timezone>
    <tzTimezone>Europe/Copenhagen</tzTimezone>
    <dst>E</dst>
  </temporal>
  <type>airport</type>
  <source1>OurAirports</source1>
</airport>