<airport id="618" iata="RNN" icao="EKRN" createdAt="2020-09-21T20:07:03.891+02:00">
  <name>Bornholm Airport</name>
  <city>Ronne</city>
  <country>Denmark</country>
  <geo>
    <latitude>55.06330108642578</latitude>
    <longitude>14.759599685668945</longitude>
    <altitude>52</altitude>
  </geo>
  <temporal>
    <timezone>1</timezone>
    <tzTimezone>Europe/Copenhagen</tzTimezone>
    <dst>E</dst>
  </temporal>
  <type>airport</type>
  <source1>OurAirports</source1>
</airport>