<airport id="627" iata="STA" icao="EKVJ" createdAt="2020-09-21T20:07:03.891+02:00">
  <name>Stauning Airport</name>
  <city>Stauning</city>
  <country>Denmark</country>
  <geo>
    <latitude>55.9901008605957</latitude>
    <longitude>8.353910446166992</longitude>
    <altitude>17</altitude>
  </geo>
  <temporal>
    <timezone>1</timezone>
    <tzTimezone>Europe/Copenhagen</tzTimezone>
    <dst>E</dst>
  </temporal>
  <type>airport</type>
  <source1>OurAirports</source1>
</airport>