{
  "airports":{
    "country":"Finland",
    "count":51,
    "airport":[
      {
        "id":417,
        "iata":"ENF",
        "icao":"EFET",
        "latitude":68.362602233887,
        "longitude":23.424299240112,
        "href":"..\/countries\/finland\/xml\/airport-enf.json"
      },
      {
        "id":418,
        "icao":"EFEU",
        "name":"Eura Airport",
        "city":"Eura",
        "country":"Finland",
        "geo":{
          "latitude":61.1161003112793,
          "longitude":22.201400756835938,
          "altitude":259
        },
        "temporal":{
          "timezone":2,
          "tzTimezone":"Europe\/Helsinki",
          "dst":"E"
        },
        "type":"airport",
        "source1":"OurAirports"
      },
      {
        "id":419,
        "iata":"KEV",
        "icao":"EFHA",
        "latitude":61.856039,
        "longitude":24.786686,
        "href":"..\/countries\/finland\/xml\/airport-kev.json"
      },
      {
        "id":420,
        "iata":"HEM",
        "icao":"EFHF",
        "latitude":60.254600524902344,
        "longitude":25.042800903320312,
        "href":"..\/countries\/finland\/xml\/airport-hem.json"
      },
      {
        "id":421,
        "iata":"HEL",
        "icao":"EFHK",
        "latitude":60.317199707031,
        "longitude":24.963300704956,
        "href":"..\/countries\/finland\/xml\/airport-hel.json"
      },
      {
        "id":422,
        "icao":"EFHM",
        "name":"Hameenkyro Airport",
        "city":"Hameenkyro",
        "country":"Finland",
        "geo":{
          "latitude":61.689701080322266,
          "longitude":23.073699951171875,
          "altitude":449
        },
        "temporal":{
          "timezone":2,
          "tzTimezone":"Europe\/Helsinki",
          "dst":"E"
        },
        "type":"airport",
        "source1":"OurAirports"
      },
      {
        "id":423,
        "icao":"EFHN",
        "name":"Hanko Airport",
        "city":"Hanko",
        "country":"Finland",
        "geo":{
          "latitude":59.848899841308594,
          "longitude":23.083599090576172,
          "altitude":20
        },
        "temporal":{
          "timezone":2,
          "tzTimezone":"Europe\/Helsinki",
          "dst":"E"
        },
        "type":"airport",
        "source1":"OurAirports"
      },
      {
        "id":424,
        "iata":"HYV",
        "icao":"EFHV",
        "latitude":60.6543998718,
        "longitude":24.8810997009,
        "href":"..\/countries\/finland\/xml\/airport-hyv.json"
      },
      {
        "id":425,
        "icao":"EFIK",
        "name":"Kiikala Airport",
        "city":"Kikala",
        "country":"Finland",
        "geo":{
          "latitude":60.4625015259,
          "longitude":23.6525001526,
          "altitude":381
        },
        "temporal":{
          "timezone":2,
          "tzTimezone":"Europe\/Helsinki",
          "dst":"E"
        },
        "type":"airport",
        "source1":"OurAirports"
      },
      {
        "id":426,
        "icao":"EFIM",
        "name":"Immola Airport",
        "city":"Immola",
        "country":"Finland",
        "geo":{
          "latitude":61.24919891357422,
          "longitude":28.90369987487793,
          "altitude":338
        },
        "temporal":{
          "timezone":2,
          "tzTimezone":"Europe\/Helsinki",
          "dst":"E"
        },
        "type":"airport",
        "source1":"OurAirports"
      },
      {
        "id":427,
        "iata":"KTQ",
        "icao":"EFIT",
        "latitude":62.1661,
        "longitude":30.073601,
        "href":"..\/countries\/finland\/xml\/airport-ktq.json"
      },
      {
        "id":428,
        "iata":"IVL",
        "icao":"EFIV",
        "latitude":68.607299804688,
        "longitude":27.405300140381,
        "href":"..\/countries\/finland\/xml\/airport-ivl.json"
      },
      {
        "id":429,
        "iata":"JOE",
        "icao":"EFJO",
        "latitude":62.662899017334,
        "longitude":29.607500076294,
        "href":"..\/countries\/finland\/xml\/airport-joe.json"
      },
      {
        "id":430,
        "iata":"JYV",
        "icao":"EFJY",
        "latitude":62.399501800537,
        "longitude":25.678300857544,
        "href":"..\/countries\/finland\/xml\/airport-jyv.json"
      },
      {
        "id":431,
        "iata":"KAU",
        "icao":"EFKA",
        "latitude":63.127102,
        "longitude":23.051399,
        "href":"..\/countries\/finland\/xml\/airport-kau.json"
      },
      {
        "id":432,
        "iata":"KEM",
        "icao":"EFKE",
        "latitude":65.778701782227,
        "longitude":24.582099914551,
        "href":"..\/countries\/finland\/xml\/airport-kem.json"
      },
      {
        "id":433,
        "iata":"KAJ",
        "icao":"EFKI",
        "latitude":64.285499572754,
        "longitude":27.692399978638,
        "href":"..\/countries\/finland\/xml\/airport-kaj.json"
      },
      {
        "id":434,
        "iata":"KHJ",
        "icao":"EFKJ",
        "latitude":62.4625015259,
        "longitude":22.3931007385,
        "href":"..\/countries\/finland\/xml\/airport-khj.json"
      },
      {
        "id":435,
        "iata":"KOK",
        "icao":"EFKK",
        "latitude":63.721199035645,
        "longitude":23.143100738525,
        "href":"..\/countries\/finland\/xml\/airport-kok.json"
      },
      {
        "id":436,
        "icao":"EFKM",
        "name":"Kemijarvi Airport",
        "city":"Kemijarvi",
        "country":"Finland",
        "geo":{
          "latitude":66.712898,
          "longitude":27.156799,
          "altitude":692
        },
        "temporal":{
          "timezone":2,
          "tzTimezone":"Europe\/Helsinki",
          "dst":"E"
        },
        "type":"airport",
        "source1":"OurAirports"
      },
      {
        "id":437,
        "iata":"KAO",
        "icao":"EFKS",
        "latitude":65.987602233887,
        "longitude":29.239400863647,
        "href":"..\/countries\/finland\/xml\/airport-kao.json"
      },
      {
        "id":438,
        "iata":"KTT",
        "icao":"EFKT",
        "latitude":67.700996398926,
        "longitude":24.846799850464,
        "href":"..\/countries\/finland\/xml\/airport-ktt.json"
      },
      {
        "id":439,
        "iata":"KUO",
        "icao":"EFKU",
        "latitude":63.007099151611,
        "longitude":27.797800064087,
        "href":"..\/countries\/finland\/xml\/airport-kuo.json"
      },
      {
        "id":440,
        "iata":"QLF",
        "icao":"EFLA",
        "latitude":61.144199,
        "longitude":25.693501,
        "href":"..\/countries\/finland\/xml\/airport-qlf.json"
      },
      {
        "id":441,
        "iata":"LPP",
        "icao":"EFLP",
        "latitude":61.044601,
        "longitude":28.144743,
        "href":"..\/countries\/finland\/xml\/airport-lpp.json"
      },
      {
        "id":442,
        "iata":"MHQ",
        "icao":"EFMA",
        "latitude":60.122200012207,
        "longitude":19.898199081421,
        "href":"..\/countries\/finland\/xml\/airport-mhq.json"
      },
      {
        "id":443,
        "icao":"EFME",
        "name":"Menkijarvi Airport",
        "city":"Menkijarvi",
        "country":"Finland",
        "geo":{
          "latitude":62.94670104980469,
          "longitude":23.51889991760254,
          "altitude":331
        },
        "temporal":{
          "timezone":2,
          "tzTimezone":"Europe\/Helsinki",
          "dst":"E"
        },
        "type":"airport",
        "source1":"OurAirports"
      },
      {
        "id":444,
        "iata":"MIK",
        "icao":"EFMI",
        "latitude":61.6866,
        "longitude":27.201799,
        "href":"..\/countries\/finland\/xml\/airport-mik.json"
      },
      {
        "id":445,
        "icao":"EFNU",
        "name":"Nummela Airport",
        "city":"Nummela",
        "country":"Finland",
        "geo":{
          "latitude":60.333900451699996,
          "longitude":24.2964000702,
          "altitude":367
        },
        "temporal":{
          "timezone":2,
          "tzTimezone":"Europe\/Helsinki",
          "dst":"E"
        },
        "type":"airport",
        "source1":"OurAirports"
      },
      {
        "id":446,
        "iata":"OUL",
        "icao":"EFOU",
        "latitude":64.930099487305,
        "longitude":25.354600906372,
        "href":"..\/countries\/finland\/xml\/airport-oul.json"
      },
      {
        "id":447,
        "icao":"EFPI",
        "name":"Piikajarvi Airport",
        "city":"Piikajarvi",
        "country":"Finland",
        "geo":{
          "latitude":61.245601654052734,
          "longitude":22.19339942932129,
          "altitude":148
        },
        "temporal":{
          "timezone":2,
          "tzTimezone":"Europe\/Helsinki",
          "dst":"E"
        },
        "type":"airport",
        "source1":"OurAirports"
      },
      {
        "id":448,
        "iata":"POR",
        "icao":"EFPO",
        "latitude":61.461700439453,
        "longitude":21.799999237061,
        "href":"..\/countries\/finland\/xml\/airport-por.json"
      },
      {
        "id":449,
        "icao":"EFPU",
        "name":"Pudasjärvi Airport",
        "city":"Pudasjarvi",
        "country":"Finland",
        "geo":{
          "latitude":65.4021987915,
          "longitude":26.946899414100002,
          "altitude":397
        },
        "temporal":{
          "timezone":2,
          "tzTimezone":"Europe\/Helsinki",
          "dst":"E"
        },
        "type":"airport",
        "source1":"OurAirports"
      },
      {
        "id":450,
        "icao":"EFPY",
        "name":"Pyhäsalmi Airport",
        "city":"Pyhasalmi",
        "country":"Finland",
        "geo":{
          "latitude":63.7318992615,
          "longitude":25.926300048799998,
          "altitude":528
        },
        "temporal":{
          "timezone":2,
          "tzTimezone":"Europe\/Helsinki",
          "dst":"E"
        },
        "type":"airport",
        "source1":"OurAirports"
      },
      {
        "id":451,
        "icao":"EFRH",
        "name":"Raahe Pattijoki Airport",
        "city":"Pattijoki",
        "country":"Finland",
        "geo":{
          "latitude":64.6881027222,
          "longitude":24.6958007812,
          "altitude":118
        },
        "temporal":{
          "timezone":2,
          "tzTimezone":"Europe\/Helsinki",
          "dst":"E"
        },
        "type":"airport",
        "source1":"OurAirports"
      },
      {
        "id":452,
        "icao":"EFRN",
        "name":"Rantasalmi Airport",
        "city":"Rantasalmi",
        "country":"Finland",
        "geo":{
          "latitude":62.0654983521,
          "longitude":28.3565006256,
          "altitude":292
        },
        "temporal":{
          "timezone":2,
          "tzTimezone":"Europe\/Helsinki",
          "dst":"E"
        },
        "type":"airport",
        "source1":"OurAirports"
      },
      {
        "id":453,
        "iata":"RVN",
        "icao":"EFRO",
        "latitude":66.564796447754,
        "longitude":25.830400466919,
        "href":"..\/countries\/finland\/xml\/airport-rvn.json"
      },
      {
        "id":454,
        "icao":"EFRY",
        "name":"Rayskala Airport",
        "city":"Rayskala",
        "country":"Finland",
        "geo":{
          "latitude":60.74470138549805,
          "longitude":24.107799530029297,
          "altitude":407
        },
        "temporal":{
          "timezone":2,
          "tzTimezone":"Europe\/Helsinki",
          "dst":"E"
        },
        "type":"airport",
        "source1":"OurAirports"
      },
      {
        "id":455,
        "iata":"SVL",
        "icao":"EFSA",
        "latitude":61.943099975586,
        "longitude":28.945100784302,
        "href":"..\/countries\/finland\/xml\/airport-svl.json"
      },
      {
        "id":456,
        "icao":"EFSE",
        "name":"Selanpaa Airport",
        "city":"Selanpaa",
        "country":"Finland",
        "geo":{
          "latitude":61.062400817871094,
          "longitude":26.798900604248047,
          "altitude":417
        },
        "temporal":{
          "timezone":2,
          "tzTimezone":"Europe\/Helsinki",
          "dst":"E"
        },
        "type":"airport",
        "source1":"OurAirports"
      },
      {
        "id":457,
        "iata":"SOT",
        "icao":"EFSO",
        "latitude":67.3949966431,
        "longitude":26.6191005707,
        "href":"..\/countries\/finland\/xml\/airport-sot.json"
      },
      {
        "id":458,
        "iata":"TMP",
        "icao":"EFTP",
        "latitude":61.414100646973,
        "longitude":23.604400634766,
        "href":"..\/countries\/finland\/xml\/airport-tmp.json"
      },
      {
        "id":459,
        "icao":"EFTS",
        "name":"Teisko Airport",
        "city":"Teisko",
        "country":"Finland",
        "geo":{
          "latitude":61.7733,
          "longitude":24.027,
          "altitude":515
        },
        "temporal":{
          "timezone":2,
          "tzTimezone":"Europe\/Helsinki",
          "dst":"E"
        },
        "type":"airport",
        "source1":"OurAirports"
      },
      {
        "id":460,
        "iata":"TKU",
        "icao":"EFTU",
        "latitude":60.514099121094,
        "longitude":22.262800216675,
        "href":"..\/countries\/finland\/xml\/airport-tku.json"
      },
      {
        "id":461,
        "iata":"UTI",
        "icao":"EFUT",
        "latitude":60.89640045166,
        "longitude":26.938400268555,
        "href":"..\/countries\/finland\/xml\/airport-uti.json"
      },
      {
        "id":462,
        "iata":"VAA",
        "icao":"EFVA",
        "latitude":63.050701141357,
        "longitude":21.762199401855,
        "href":"..\/countries\/finland\/xml\/airport-vaa.json"
      },
      {
        "id":463,
        "iata":"VRK",
        "icao":"EFVR",
        "latitude":62.171100616455,
        "longitude":27.868600845337,
        "href":"..\/countries\/finland\/xml\/airport-vrk.json"
      },
      {
        "id":464,
        "iata":"YLI",
        "icao":"EFYL",
        "latitude":64.0547222,
        "longitude":24.7252778,
        "href":"..\/countries\/finland\/xml\/airport-yli.json"
      },
      {
        "id":5560,
        "iata":"SJY",
        "icao":"EFSI",
        "latitude":62.692101,
        "longitude":22.8323,
        "href":"..\/countries\/finland\/xml\/airport-sjy.json"
      },
      {
        "id":7725,
        "icao":"EFHE",
        "name":"Hernesaari Heliport",
        "city":"Helsinki",
        "country":"Finland",
        "geo":{
          "latitude":60.14777755737305,
          "longitude":24.9244441986084,
          "altitude":7
        },
        "temporal":{
          "timezone":2,
          "tzTimezone":"Europe\/Helsinki",
          "dst":"E"
        },
        "type":"airport",
        "source1":"OurAirports"
      },
      {
        "id":10295,
        "icao":"EFKY",
        "name":"Kymi Airport",
        "city":"Kotka",
        "country":"Finland",
        "geo":{
          "latitude":60.5713996887207,
          "longitude":26.896099090576172,
          "altitude":223
        },
        "temporal":{
          "timezone":2,
          "tzTimezone":"\\N",
          "dst":"E"
        },
        "type":"airport",
        "source1":"OurAirports"
      }
    ]
  }
}