<airport id="617" iata="RKE" icao="EKRK" createdAt="2020-10-06T14:59:03.149+02:00">
  <name>Copenhagen Roskilde Airport</name>
  <city>Copenhagen</city>
  <country>Denmark</country>
  <geo>
    <latitude>55.585601806640625</latitude>
    <longitude>12.131400108337402</longitude>
    <altitude>146</altitude>
  </geo>
  <temporal>
    <timezone>1</timezone>
    <timezoneTz>Europe/Copenhagen</timezoneTz>
    <dst>E</dst>
  </temporal>
  <type>airport</type>
  <source>OurAirports</source>
</airport>