<airport id="619" iata="SGD" icao="EKSB" createdAt="2020-10-06T14:59:03.149+02:00">
  <name>Sønderborg Airport</name>
  <city>Soenderborg</city>
  <country>Denmark</country>
  <geo>
    <latitude>54.96440124511719</latitude>
    <longitude>9.791729927062988</longitude>
    <altitude>24</altitude>
  </geo>
  <temporal>
    <timezone>1</timezone>
    <timezoneTz>Europe/Copenhagen</timezoneTz>
    <dst>E</dst>
  </temporal>
  <type>airport</type>
  <source>OurAirports</source>
</airport>