<airport id="609" iata="CPH" icao="EKCH" createdAt="2020-10-06T14:59:03.149+02:00">
  <name>Copenhagen Kastrup Airport</name>
  <city>Copenhagen</city>
  <country>Denmark</country>
  <geo>
    <latitude>55.617900848389</latitude>
    <longitude>12.656000137329</longitude>
    <altitude>17</altitude>
  </geo>
  <temporal>
    <timezone>1</timezone>
    <timezoneTz>Europe/Copenhagen</timezoneTz>
    <dst>E</dst>
  </temporal>
  <type>airport</type>
  <source>OurAirports</source>
</airport>