{
  "airports":{
    "country":"Ireland",
    "count":17,
    "airport":[
      {
        "id":596,
        "iata":"ORK",
        "icao":"EICK",
        "latitude":51.84130096435547,
        "longitude":-8.491109848022461,
        "href":"ireland\/airport-ork.json"
      },
      {
        "id":597,
        "iata":"GWY",
        "icao":"EICM",
        "latitude":53.300201416015625,
        "longitude":-8.941590309143066,
        "href":"ireland\/airport-gwy.json"
      },
      {
        "id":599,
        "iata":"DUB",
        "icao":"EIDW",
        "latitude":53.421299,
        "longitude":-6.27007,
        "href":"ireland\/airport-dub.json"
      },
      {
        "id":600,
        "iata":"NOC",
        "icao":"EIKN",
        "latitude":53.910301208496094,
        "longitude":-8.818490028381348,
        "href":"ireland\/airport-noc.json"
      },
      {
        "id":601,
        "iata":"KIR",
        "icao":"EIKY",
        "latitude":52.18090057373047,
        "longitude":-9.52377986907959,
        "href":"ireland\/airport-kir.json"
      },
      {
        "id":602,
        "icao":"EIME",
        "name":"Casement Air Base",
        "city":"Casement",
        "country":"Ireland",
        "latitude":53.301700592,
        "longitude":-6.451330184940001,
        "altitude":319,
        "timezone":0,
        "dst":"E",
        "tzTimezone":"Europe\/Dublin",
        "type":"airport",
        "source1":"OurAirports"
      },
      {
        "id":603,
        "iata":"SNN",
        "icao":"EINN",
        "latitude":52.702,
        "longitude":-8.92482,
        "href":"ireland\/airport-snn.json"
      },
      {
        "id":604,
        "iata":"SXL",
        "icao":"EISG",
        "latitude":54.280200958252,
        "longitude":-8.5992097854614,
        "href":"ireland\/airport-sxl.json"
      },
      {
        "id":605,
        "iata":"WAT",
        "icao":"EIWF",
        "latitude":52.187198638916016,
        "longitude":-7.0869598388671875,
        "href":"ireland\/airport-wat.json"
      },
      {
        "id":5577,
        "iata":"CFN",
        "icao":"EIDL",
        "latitude":55.0442008972168,
        "longitude":-8.340999603271484,
        "href":"ireland\/airport-cfn.json"
      },
      {
        "id":5578,
        "icao":"EIWT",
        "name":"Weston Airport",
        "city":"Leixlip",
        "country":"Ireland",
        "latitude":53.3521995544,
        "longitude":-6.48611021042,
        "altitude":150,
        "timezone":0,
        "dst":"E",
        "tzTimezone":"Europe\/Dublin",
        "type":"airport",
        "source1":"OurAirports"
      },
      {
        "id":6421,
        "iata":"IOR",
        "icao":"EIIM",
        "latitude":53.1067008972168,
        "longitude":-9.653610229492188,
        "href":"ireland\/airport-ior.json"
      },
      {
        "id":6422,
        "iata":"NNR",
        "icao":"EICA",
        "latitude":53.23030090332031,
        "longitude":-9.467780113220215,
        "href":"ireland\/airport-nnr.json"
      },
      {
        "id":7030,
        "iata":"INQ",
        "icao":"EIIR",
        "latitude":53.064701080322266,
        "longitude":-9.510899543762207,
        "href":"ireland\/airport-inq.json"
      },
      {
        "id":7468,
        "iata":"IIA",
        "icao":"EIMN",
        "latitude":53.09299850463867,
        "longitude":-9.568059921264648,
        "href":"ireland\/airport-iia.json"
      },
      {
        "id":8683,
        "icao":"EINC",
        "name":"Newcastle Aerodrome",
        "city":"Newcastle",
        "country":"Ireland",
        "latitude":53.07109832763672,
        "longitude":-6.0452799797058105,
        "altitude":1,
        "timezone":0,
        "dst":"E",
        "tzTimezone":"Europe\/Dublin",
        "type":"airport",
        "source1":"OurAirports"
      },
      {
        "id":8698,
        "iata":"BYT",
        "icao":"EIBN",
        "latitude":51.66859817504883,
        "longitude":-9.484169960021973,
        "href":"ireland\/airport-byt.json"
      }
    ]
  }
}