<airport id="7030" iata="INQ" icao="EIIR" createdAt="2020-10-06T14:59:03.149+02:00">
  <name>Inisheer Aerodrome</name>
  <city>Inisheer</city>
  <country>Ireland</country>
  <geo>
    <latitude>53.064701080322266</latitude>
    <longitude>-9.510899543762207</longitude>
    <altitude>40</altitude>
  </geo>
  <temporal>
    <timezone>0</timezone>
    <timezoneTz>Europe/Dublin</timezoneTz>
    <dst>E</dst>
  </temporal>
  <type>airport</type>
  <source>OurAirports</source>
</airport>