<airport id="7468" iata="IIA" icao="EIMN" createdAt="2020-10-06T14:59:03.149+02:00">
  <name>Inishmaan Aerodrome</name>
  <city>Inishmaan</city>
  <country>Ireland</country>
  <geo>
    <latitude>53.09299850463867</latitude>
    <longitude>-9.568059921264648</longitude>
    <altitude>15</altitude>
  </geo>
  <temporal>
    <timezone>0</timezone>
    <timezoneTz>Europe/Dublin</timezoneTz>
    <dst>U</dst>
  </temporal>
  <type>airport</type>
  <source>OurAirports</source>
</airport>