<airport id="6421" iata="IOR" icao="EIIM" createdAt="2020-10-06T14:59:03.149+02:00">
  <name>Inishmore Aerodrome</name>
  <city>Inis Mor</city>
  <country>Ireland</country>
  <geo>
    <latitude>53.1067008972168</latitude>
    <longitude>-9.653610229492188</longitude>
    <altitude>24</altitude>
  </geo>
  <temporal>
    <timezone>0</timezone>
    <timezoneTz>Europe/Dublin</timezoneTz>
    <dst>U</dst>
  </temporal>
  <type>airport</type>
  <source>OurAirports</source>
</airport>