<airport id="6422" iata="NNR" icao="EICA" createdAt="2020-10-06T14:59:03.149+02:00">
  <name>Connemara Regional Airport</name>
  <city>Indreabhan</city>
  <country>Ireland</country>
  <geo>
    <latitude>53.23030090332031</latitude>
    <longitude>-9.467780113220215</longitude>
    <altitude>70</altitude>
  </geo>
  <temporal>
    <timezone>0</timezone>
    <timezoneTz>Europe/Dublin</timezoneTz>
    <dst>U</dst>
  </temporal>
  <type>airport</type>
  <source>OurAirports</source>
</airport>