<airport id="605" iata="WAT" icao="EIWF" createdAt="2020-10-06T14:59:03.149+02:00">
  <name>Waterford Airport</name>
  <city>Waterford</city>
  <country>Ireland</country>
  <geo>
    <latitude>52.187198638916016</latitude>
    <longitude>-7.0869598388671875</longitude>
    <altitude>119</altitude>
  </geo>
  <temporal>
    <timezone>0</timezone>
    <timezoneTz>Europe/Dublin</timezoneTz>
    <dst>E</dst>
  </temporal>
  <type>airport</type>
  <source>OurAirports</source>
</airport>