<airport id="600" iata="NOC" icao="EIKN" createdAt="2020-10-06T14:59:03.149+02:00">
  <name>Ireland West Knock Airport</name>
  <city>Connaught</city>
  <country>Ireland</country>
  <geo>
    <latitude>53.910301208496094</latitude>
    <longitude>-8.818490028381348</longitude>
    <altitude>665</altitude>
  </geo>
  <temporal>
    <timezone>0</timezone>
    <timezoneTz>Europe/Dublin</timezoneTz>
    <dst>E</dst>
  </temporal>
  <type>airport</type>
  <source>OurAirports</source>
</airport>