"Country","Province","City","Latitude","Longitude","Population","Year",
"China","","Macau","","","326460","91"
"China","","Hong Kong","","","6218000","91"
"China","Anhui","Hefei","32","117","1000000","91"
"China","Anhui","Huainan","","","1200000","91"
"China","Anhui","Suzhou","","","151862","90"
"China","Anhui","Bengbu","","","449245","90"
"China","Anhui","Wuhu","","","425740","90"
"China","Anhui","Huaibei","","","366549","90"
"China","Anhui","Maanshan","","","305421","90"
"China","Anhui","Anqing","","","250718","90"
"China","Anhui","Tongling","","","228017","90"
"China","Anhui","Fuyang","","","179572","90"
"China","Anhui","Luan","","","144248","90"
"China","Anhui","Chuxian","","","125341","90"
"China","Anhui","Chaoxian","","","123676","90"
"China","Anhui","Xuancheng","","","112673","90"
"China","Fujian","Fuzhou","26","119","874809","90"
"China","Fujian","Xiamen","","","368786","90"
"China","Fujian","Nanping","","","195064","90"
"China","Fujian","Quanzhou","","","185154","90"
"China","Fujian","Zhangzhou","","","181424","90"
"China","Fujian","Sanming","","","160691","90"
"China","Fujian","Longyan","","","134481","90"
"China","Fujian","Yongan","","","111762","90"
"China","Gansu","Lanzhou","36","104","1510000","91"
"China","Gansu","Tianshui","","","244974","90"
"China","Gansu","Baiyin","","","204970","90"
"China","Gansu","Wuwei","","","133101","90"
"China","Gansu","Yumen","","","109234","90"
"China","Guangdong","Guangzhou","","","3580000","91"
"China","Guangdong","Shantou","","","578630","90"
"China","Guangdong","Zhanjiang","","","400997","90"
"China","Guangdong","Shenzhen","","","350727","90"
"China","Guangdong","Shaoguan","","","350043","90"
"China","Guangdong","Chaozhou","","","313469","90"
"China","Guangdong","Dongguan","","","308669","90"
"China","Guangdong","Foshan","","","303160","90"
"China","Guangdong","Zhongshan","","","278829","90"
"China","Guangdong","Jiangmen","","","230587","90"
"China","Guangdong","Yangjiang","","","215196","90"
"China","Guangdong","Zhaoqing","","","194784","90"
"China","Guangdong","Maoming","","","178683","90"
"China","Guangdong","Zhuhai","","","164747","90"
"China","Guangdong","Huizhou","","","161023","90"
"China","Guangdong","Meixian","","","132156","90"
"China","Guangdong","Heyuan","","","120101","90"
"China","Guangdong","Shanwei","","","107847","90"
"China","Guizhou","Guiyang","","","1530000","91"
"China","Guizhou","Liupanshui","","","363954","90"
"China","Guizhou","Zunyi","","","261862","90"
"China","Guizhou","Anshun","","","174142","90"
"China","Guizhou","Duyun","","","132971","90"
"China","Guizhou","Kaili","","","113958","90"
"China","Hainan","Haikou","","","280153","90"
"China","Hainan","Sanya","","","102820","90"
"China","Hebei","Shijiazhuang","38","114.5","1320000","91"
"China","Hebei","Tangshan","","","1500000","91"
"China","Hebei","Handan","","","1110000","91"
"China","Hebei","Zhangjiakou","","","529136","90"
"China","Hebei","Baoding","","","483155","90"
"China","Hebei","Qinhuangdao","","","364972","90"
"China","Hebei","Xingtai","","","302789","90"
"China","Hebei","Chengde","","","246799","90"
"China","Hebei","Renqiu","","","114256","90"
"China","Hebei","Quzhou","","","112373","90"
"China","Hebei","Hengshui","","","104269","90"
"China","Heilongjiang","Harbin","45.4","126.4","2830000","91"
"China","Heilongjiang","Qiqihar","","","1380000","91"
"China","Heilongjiang","Yichun","","","795789","90"
"China","Heilongjiang","Jixi","","","683885","90"
"China","Heilongjiang","Daqing","","","657297","90"
"China","Heilongjiang","Mudanjiang","","","571705","90"
"China","Heilongjiang","Hegang","","","522747","90"
"China","Heilongjiang","Jiamusi","","","493409","90"
"China","Heilongjiang","Shuangyashan","","","386081","90"
"China","Heilongjiang","Suihua","","","227881","90"
"China","Heilongjiang","Shangzhi","","","215373","90"
"China","Heilongjiang","Qitaihe","","","214957","90"
"China","Heilongjiang","Beian","","","204899","90"
"China","Heilongjiang","Acheng","","","197595","90"
"China","Heilongjiang","Zhaodong","","","179976","90"
"China","Heilongjiang","Fuling","","","173878","90"
"China","Heilongjiang","Shuangcheng","","","142659","90"
"China","Heilongjiang","Anda","","","136446","90"
"China","Heilongjiang","Mishan","","","132744","90"
"China","Henan","Zhengzhou","34.5","114","1710000","91"
"China","Henan","Luoyang","","","1190000","91"
"China","Henan","Kaifeng","","","507763","90"
"China","Henan","Xinxiang","","","473762","90"
"China","Henan","Anyang","","","420332","90"
"China","Henan","Pingdingshan","","","410775","90"
"China","Henan","Jiaozuo","","","409100","90"
"China","Henan","Nanyang","","","243303","90"
"China","Henan","Hebi","","","212976","90"
"China","Henan","Xuchang","","","208815","90"
"China","Henan","Xinyang","","","192509","90"
"China","Henan","Puyang","","","175988","90"
"China","Henan","Shangqiu","","","164880","90"
"China","Henan","Zhoukou","","","146288","90"
"China","Henan","Luohe","","","126438","90"
"China","Henan","Zhumadian","","","123232","90"
"China","Henan","Sanmenxia","","","120523","90"
"China","Hubei","Wuhan","30.45","114.15","3750000","91"
"China","Hubei","Huangshi","","","457601","90"
"China","Hubei","Xiangfan","","","410407","90"
"China","Hubei","Yichang","","","371601","90"
"China","Hubei","Shashi","","","281352","90"
"China","Hubei","Shiyan","","","273786","90"
"China","Hubei","Cangzhou","","","242708","90"
"China","Hubei","Honghu","","","190772","90"
"China","Hubei","Echeng","","","190123","90"
"China","Hubei","Tianmen","","","186332","90"
"China","Hubei","Xiaogan","","","166280","90"
"China","Hubei","Zaoyang","","","162198","90"
"China","Hubei","Xianning","","","136811","90"
"China","Hubei","Laohekou","","","123366","90"
"China","Hubei","Puqi","","","117264","90"
"China","Hubei","Shishou","","","104571","90"
"China","Hubei","Guangshui","","","102770","90"
"China","Hunan","Changsha","28.1","113.5","1330000","91"
"China","Hunan","Hengyang","","","487148","90"
"China","Hunan","Xiangtan","","","441968","90"
"China","Hunan","Zhuzhou","","","409924","90"
"China","Hunan","Yueyang","","","302800","90"
"China","Hunan","Changde","","","301276","90"
"China","Hunan","Shaoyang","","","247227","90"
"China","Hunan","Yiyang","","","185818","90"
"China","Hunan","Lengshuijiang","","","137994","90"
"China","Hunan","Leiyang","","","130115","90"
"China","Hunan","Loudi","","","128418","90"
"China","Hunan","Huaihua","","","126785","90"
"China","Hunan","Zixing","","","110048","90"
"China","Hunan","Liling","","","108504","90"
"China","Hunan","Yuanjiang","","","107004","90"
"China","Jiangsu","Nanjing","32.5","119","2500000","91"
"China","Jiangsu","Wuxi","","","826833","90"
"China","Jiangsu","Xuzhou","","","805695","90"
"China","Jiangsu","Suzhou","","","706459","90"
"China","Jiangsu","Changzhou","","","531470","90"
"China","Jiangsu","Zhenjiang","","","368316","90"
"China","Jiangsu","Lianyungang","","","354139","90"
"China","Jiangsu","Nantong","","","343341","90"
"China","Jiangsu","Yangzhou","","","312892","90"
"China","Jiangsu","Yancheng","","","296831","90"
"China","Jiangsu","Huaiyin","","","239675","90"
"China","Jiangsu","Jiangyin","","","213659","90"
"China","Jiangsu","Yixing","","","200824","90"
"China","Jiangsu","Dongtai","","","192247","90"
"China","Jiangsu","Changshu","","","181805","90"
"China","Jiangsu","Danyang","","","169603","90"
"China","Jiangsu","Xinghua","","","161910","90"
"China","Jiangsu","Taizhou","","","152442","90"
"China","Jiangsu","Huaian","","","131149","90"
"China","Jiangsu","Liyang","","","109520","90"
"China","Jiangsu","Yizheng","","","109268","90"
"China","Jiangsu","Suqian","","","105021","90"
"China","Jiangsu","Kunshan","","","102052","90"
"China","Jiangxi","Fuzhou","26","119","874809","90"
"China","Jiangxi","Nanchang","28.4","115.5","1350000","91"
"China","Jiangxi","Yichun","","","151585","90"
"China","Jiangxi","Pingxiang","","","425579","90"
"China","Jiangxi","Jiujiang","","","291187","90"
"China","Jiangxi","Jingdezhen","","","281183","90"
"China","Jiangxi","Ganzhou","","","220129","90"
"China","Jiangxi","Xinyu","","","173524","90"
"China","Jiangxi","Shangrao","","","132455","90"
"China","Jilin","Jilin","","","1270000","91"
"China","Jilin","Changchun","43.5","125.15","2110000","91"
"China","Jilin","Hunjiang","","","482043","90"
"China","Jilin","Liaoyuan","","","354141","90"
"China","Jilin","Tonghua","","","324600","90"
"China","Jilin","Siping","","","317223","90"
"China","Jilin","Dunhua","","","235100","90"
"China","Jilin","Yanji","","","230892","90"
"China","Jilin","Gongzhuling","","","226569","90"
"China","Jilin","Baicheng","","","217987","90"
"China","Jilin","Meihekou","","","209038","90"
"China","Jilin","Fuyu","","","192981","90"
"China","Jilin","Jiutai","","","180130","90"
"China","Jilin","Huadian","","","175873","90"
"China","Jilin","Longjing","","","139417","90"
"China","Jilin","Daan","","","138963","90"
"China","Liaoning","Shenyang","42","123.3","4540000","91"
"China","Liaoning","Dalian","","","2400000","91"
"China","Liaoning","Anshan","","","1390000","91"
"China","Liaoning","Fushun","","","1350000","91"
"China","Liaoning","Benxi","","","768778","90"
"China","Liaoning","Fuxin","","","635473","90"
"China","Liaoning","Jinzhou","","","569518","90"
"China","Liaoning","Dandong","","","523699","90"
"China","Liaoning","Liaoyang","","","492559","90"
"China","Liaoning","Yingkou","","","421589","90"
"China","Liaoning","Panshan","","","362773","90"
"China","Liaoning","Jinxi","","","357052","90"
"China","Liaoning","Tieling","","","254842","90"
"China","Liaoning","Wafangdian","","","251733","90"
"China","Liaoning","Chaoyang","","","222394","90"
"China","Liaoning","Haicheng","","","205560","90"
"China","Liaoning","Beipiao","","","194301","90"
"China","Liaoning","Fengcheng","","","193784","90"
"China","Liaoning","Xingcheng","","","102384","90"
"China","Qinghai","Xining","37","102","551776","90"
"China","Qinghai","Yushu","","","131861","90"
"China","Shaanxi","Xian","34","109","2760000","91"
"China","Shaanxi","Xianyang","","","352125","90"
"China","Shaanxi","Baoji","","","337765","90"
"China","Shaanxi","Tongchuan","","","280657","90"
"China","Shaanxi","Hanzhong","","","169930","90"
"China","Shaanxi","Ankang","","","142170","90"
"China","Shaanxi","Weinan","","","140169","90"
"China","Shaanxi","Yanan","","","113277","90"
"China","Shaanxi","Xi","","","",""
"China","Shandong","Jinan","36.5","117","2320000","91"
"China","Shandong","Zibo","","","2460000","91"
"China","Shandong","Qingdao","","","2060000","91"
"China","Shandong","Yantai","","","452127","90"
"China","Shandong","Weifang","","","428522","90"
"China","Shandong","Zaozhuang","","","380846","90"
"China","Shandong","Taian","","","350696","90"
"China","Shandong","Linyi","","","324720","90"
"China","Shandong","Tengxian","","","315083","90"
"China","Shandong","Dongying","","","281728","90"
"China","Shandong","Xintai","","","281248","90"
"China","Shandong","Jining","","","265248","90"
"China","Shandong","Laiwu","","","246833","90"
"China","Shandong","Liaocheng","","","207844","90"
"China","Shandong","Dezhou","","","195485","90"
"China","Shandong","Heze","","","189293","90"
"China","Shandong","Rizhao","","","185048","90"
"China","Shandong","Liancheng","","","156307","90"
"China","Shandong","Jiaoxian","","","153364","90"
"China","Shandong","Pingdu","","","150123","90"
"China","Shandong","Longkou","","","148362","90"
"China","Shandong","Laiyang","","","137080","90"
"China","Shandong","Wendeng","","","133910","90"
"China","Shandong","Weihai","","","128888","90"
"China","Shandong","Linqing","","","123958","90"
"China","Shandong","Jiaonan","","","121397","90"
"China","Shandong","Zhucheng","","","102134","90"
"China","Shanxi","Taiyuan","38","112.3","1960000","91"
"China","Shanxi","Datong","","","1110000","91"
"China","Shanxi","Yangquan","","","362268","90"
"China","Shanxi","Changzhi","","","317144","90"
"China","Shanxi","Yuci","","","191356","90"
"China","Shanxi","Linfen","","","187309","90"
"China","Shanxi","Jincheng","","","136396","90"
"China","Sichuan","Chengdu","33.15","107.15","2810000","91"
"China","Sichuan","Chongqing","","","2980000","91"
"China","Sichuan","Panzhihua","","","415466","90"
"China","Sichuan","Zigong","","","393184","90"
"China","Sichuan","Leshan","","","341128","90"
"China","Sichuan","Mianyang","","","262947","90"
"China","Sichuan","Luzhou","","","262892","90"
"China","Sichuan","Neijiang","","","256012","90"
"China","Sichuan","Yibin","","","241019","90"
"China","Sichuan","Qianjiang","","","205504","90"
"China","Sichuan","Daxian","","","188101","90"
"China","Sichuan","Deyang","","","182488","90"
"China","Sichuan","Guangyuan","","","182241","90"
"China","Sichuan","Nanchong","","","180273","90"
"China","Sichuan","Jiangyou","","","175753","90"
"China","Sichuan","Wanxian","","","156823","90"
"China","Sichuan","Xichang","","","134419","90"
"China","Yunnan","Kunming","25.5","102.4","1520000","91"
"China","Yunnan","Gejiu","","","214294","90"
"China","Yunnan","Qujing","","","178669","90"
"China","Zhejiang","Hangzhou","30.2","125.5","1340000","91"
"China","Zhejiang","Ningbo","","","1090000","91"
"China","Zhejiang","Wenzhou","","","401871","90"
"China","Zhejiang","Huzhou","","","218071","90"
"China","Zhejiang","Jiaxing","","","211526","90"
"China","Zhejiang","Shaoxing","","","179818","90"
"China","Zhejiang","Xiaoshan","","","162930","90"
"China","Zhejiang","Ruian","","","156468","90"
"China","Zhejiang","Zhoushan","","","156317","90"
"China","Zhejiang","Jinhua","","","144280","90"
"China","Zhejiang","Yuyao","","","114056","90"
"China","Zhejiang","Cixi","","","107329","90"
"China","Zhejiang","Haining","","","100478","90"
"China","Guangxi Zhuangzu","Nanning","22.5","108.5","1070000","91"
"China","Guangxi Zhuangzu","Liuzhou","","","609320","90"
"China","Guangxi Zhuangzu","Guilin","","","364130","90"
"China","Guangxi Zhuangzu","Wuzhou","","","210452","90"
"China","Guangxi Zhuangzu","Qinzhou","","","114586","90"
"China","Guangxi Zhuangzu","Guixian","","","114025","90"
"China","Guangxi Zhuangzu","Beihai","","","112673","90"
"China","Nei Monggol","Hohhot","","","652534","90"
"China","Nei Monggol","Baotou","","","1200000","91"
"China","Nei Monggol","Yakeshi","","","377869","90"
"China","Nei Monggol","Chifeng","","","350077","90"
"China","Nei Monggol","Jining","","","163552","90"
"China","Nei Monggol","Wuhai","","","264081","90"
"China","Nei Monggol","Tongliao","","","255129","90"
"China","Nei Monggol","Hailar","","","180650","90"
"China","Nei Monggol","Ulanhot","","","159538","90"
"China","Nei Monggol","Linhe","","","133183","90"
"China","Nei Monggol","Manzhouli","","","120023","90"
"China","Ningxia Huizu","Yinchuan","38.3","106.2","356652","90"
"China","Ningxia Huizu","Shizuishan","","","257862","90"
"China","Xinjiang Uygur","Urumqi","44","88","1160000","91"
"China","Xinjiang Uygur","Shihezi","","","299676","90"
"China","Xinjiang Uygur","Karamay","","","197602","90"
"China","Xinjiang Uygur","Yining","","","177193","90"
"China","Xinjiang Uygur","Kashi","","","174570","90"
"China","Xinjiang Uygur","Aksu","","","164092","90"
"China","Xinjiang Uygur","Hami","","","161315","90"
"China","Xinjiang Uygur","Korla","","","159344","90"
"China","Tibet","Lhasa","29.5","91","106885","90"
"China","Beijing (munic.)","Beijing","39.5","116.2","7000000","91"
"China","Shanghai (munic.)","Shanghai","31.2","121.433","7830000","91"
"China","Tianjin (munic.)","Tianjin","","","5770000","91"