"Country","Province","City","Latitude","Longitude","Population","Year",
"Russia","","Sergiev Posad","","","114000","95"
"Russia","","Seversk","","","110000","95"
"Russia","Rep. of Karelia","Petrozavodsk","","","280000","95"
"Russia","Rep. of Komi","Syktyvkar","","","229000","95"
"Russia","Rep. of Komi","Ukhta","","","106000","95"
"Russia","Rep. of Komi","Vorkuta","","","104000","95"
"Russia","Arkhangelskaya oblast","Arkhangelsk","64.55","40.5333","374000","95"
"Russia","Arkhangelskaya oblast","Severodvinsk","","","241000","95"
"Russia","Vologodskaya oblast","Vologda","","","299000","95"
"Russia","Vologodskaya oblast","Cherepovets","","","320000","95"
"Russia","Murmanskaya oblast","Murmansk","68.58","33.03","407000","95"
"Russia","Kaliningradskaya oblast","Kaliningrad","54.7167","20.5","419000","95"
"Russia","Sankt Peterburg","Sankt Peterburg","","","4838000","95"
"Russia","Leningradskaya oblast","Sankt Peterburg","","","4838000","95"
"Russia","Leningradskaya oblast","Kolpino","","","143000","95"
"Russia","Novgorodskaya oblast","Novgorod","","","233000","95"
"Russia","Pskovskaya oblast","Pskov","","","207000","95"
"Russia","Pskovskaya oblast","Velikiye Luki","","","116000","95"
"Russia","Bryanskaya oblast","Bryansk","","","462000","95"
"Russia","Vladimirskaya oblast","Vladimir","","","339000","95"
"Russia","Vladimirskaya oblast","Kovrov","","","162000","95"
"Russia","Vladimirskaya oblast","Murom","","","126000","95"
"Russia","Ivanovskaya oblast","Ivanovo","","","474000","95"
"Russia","Ivanovskaya oblast","Kineshma","","","103000","95"
"Russia","Kaluzhskaya oblast","Kaluga","","","347000","95"
"Russia","Kaluzhskaya oblast","Obninsk","","","108000","95"
"Russia","Kostromskaya oblast","Kostroma","","","285000","95"
"Russia","Moskva","Moscow","55.7667","37.6667","8717000","95"
"Russia","Moskovskaya oblast","Moscow","55.7667","37.6667","8717000","95"
"Russia","Moskovskaya oblast","Podolsk","","","202000","95"
"Russia","Moskovskaya oblast","Zelenograd","","","191000","95"
"Russia","Moskovskaya oblast","Lyubertsy","","","166000","95"
"Russia","Moskovskaya oblast","Kolomna","","","154000","95"
"Russia","Moskovskaya oblast","Mytishchi","","","152000","95"
"Russia","Moskovskaya oblast","Elektrostal","","","150000","95"
"Russia","Moskovskaya oblast","Serpukhov","","","139000","95"
"Russia","Moskovskaya oblast","Balashikha","","","136000","95"
"Russia","Moskovskaya oblast","Khimki","","","134000","95"
"Russia","Moskovskaya oblast","Odintsovo","","","129000","95"
"Russia","Moskovskaya oblast","Orekhovo Zuyevo","","","126000","95"
"Russia","Moskovskaya oblast","Noginsk","","","119000","95"
"Russia","Moskovskaya oblast","Shchyolkovo","","","108000","95"
"Russia","Orlovskaya oblast","Orel","","","348000","95"
"Russia","Ryazanskaya oblast","Ryazan","","","536000","95"
"Russia","Smolenskaya oblast","Smolensk","","","355000","95"
"Russia","Tverskaya oblast","Tver","","","455000","95"
"Russia","Tulskaya oblast","Tula","","","532000","95"
"Russia","Tulskaya oblast","Novomoskovsk","","","144000","95"
"Russia","Yaroslavskaya oblast","Yaroslavl","","","629000","95"
"Russia","Yaroslavskaya oblast","Rybinsk","","","248000","95"
"Russia","Rep. of Mariy El","Yoshkar Ola","","","251000","95"
"Russia","Rep. of Mordovia","Saransk","","","320000","95"
"Russia","Chuvash Republic","Cheboksary","","","450000","95"
"Russia","Chuvash Republic","Novocheboksarsk","","","123000","95"
"Russia","Kirovskaya oblast","Kirov","","","464000","95"
"Russia","Nizhegorodskaya oblast","Nizhniy Novgorod","","","1383000","95"
"Russia","Nizhegorodskaya oblast","Dzerzhinsk","","","285000","95"
"Russia","Nizhegorodskaya oblast","Arzamas","","","112000","95"
"Russia","Belgorodskaya oblast","Belgorod","","","322000","95"
"Russia","Belgorodskaya oblast","Stary Oskol","","","198000","95"
"Russia","Voronezhskaya oblast","Voronezh","","","908000","95"
"Russia","Kurskaya oblast","Kursk","","","442000","95"
"Russia","Lipetskaya oblast","Lipetsk","","","474000","95"
"Russia","Lipetskaya oblast","Yelets","","","119000","95"
"Russia","Tambovskaya oblast","Tambov","","","316000","95"
"Russia","Tambovskaya oblast","Michurinsk","","","108000","95"
"Russia","Rep. of Kalmykiya","Elista","","","",""
"Russia","Rep. of Tatarstan","Kazan","55.47","49.11","1085000","95"
"Russia","Rep. of Tatarstan","Naberezhnye Chelny","","","526000","95"
"Russia","Rep. of Tatarstan","Nizhnekamsk","","","210000","95"
"Russia","Rep. of Tatarstan","Almetyevsk","","","138000","95"
"Russia","Rep. of Tatarstan","Zelenodolysk","","","101000","95"
"Russia","Astrakhanskaya oblast","Astrakhan","46.2","48.1","486000","95"
"Russia","Volgogradskaya oblast","Volgograd","48.7","44.5167","1003000","95"
"Russia","Volgogradskaya oblast","Volzhsky","","","288000","95"
"Russia","Volgogradskaya oblast","Kamyshin","","","128000","95"
"Russia","Penzenskaya oblast","Penza","","","534000","95"
"Russia","Penzenskaya oblast","Kuznetsk","","","100000","95"
"Russia","Samarskaya oblast","Samara","","","1184000","95"
"Russia","Samarskaya oblast","Tolyatti","","","702000","95"
"Russia","Samarskaya oblast","Syzran","","","177000","95"
"Russia","Samarskaya oblast","Novokuybyshevsk","","","115000","95"
"Russia","Saratovskaya oblast","Saratov","","","895000","95"
"Russia","Saratovskaya oblast","Balakovo","","","206000","95"
"Russia","Saratovskaya oblast","Engels","","","186000","95"
"Russia","Ulyanovskaya oblast","Ulyanovsk","","","678000","95"
"Russia","Ulyanovskaya oblast","Dimitrovgrad","","","135000","95"
"Russia","Rostovskaya oblast","Rostov na Donu","","","1026000","95"
"Russia","Rostovskaya oblast","Taganrog","","","292000","95"
"Russia","Rostovskaya oblast","Shakhty","","","230000","95"
"Russia","Rostovskaya oblast","Novocherkassk","","","190000","95"
"Russia","Rostovskaya oblast","Volgodonsk","","","183000","95"
"Russia","Rostovskaya oblast","Novoshakhtinsk","","","107000","95"
"Russia","Rostovskaya oblast","Rostov no Donu","","","",""
"Russia","Rep. of Bashkortostan","Ufa","","","1094000","95"
"Russia","Rep. of Bashkortostan","Sterlitamak","","","259000","95"
"Russia","Rep. of Bashkortostan","Salavat","","","156000","95"
"Russia","Rep. of Bashkortostan","Oktyabrsky","","","110000","95"
"Russia","Udmurt Republic","Izhevsk","","","654000","95"
"Russia","Udmurt Republic","Sarapul","","","109000","95"
"Russia","Udmurt Republic","Glazov","","","107000","95"
"Russia","Udmurt Republic","Votkinsk","","","104000","95"
"Russia","Orenburgskaya oblast","Orenburg","","","532000","95"
"Russia","Orenburgskaya oblast","Orsk","","","275000","95"
"Russia","Orenburgskaya oblast","Novotroitsk","","","110000","95"
"Russia","Permskaya oblast","Perm","","","1032000","95"
"Russia","Permskaya oblast","Berezniki","","","184000","95"
"Russia","Permskaya oblast","Solikamsk","","","108000","95"
"Russia","Rep. of Adygeya","Maykop","","","165000","95"
"Russia","Rep. of Dagestan","Makhachkala","","","339000","95"
"Russia","Rep. of Ingushetiya","Nazran","","","",""
"Russia","Kabardino Balkar Rep.","Nalchik","","","239000","95"
"Russia","Karachayevo Cherkessk Rep.","Cherkessk","","","119000","95"
"Russia","Rep. of North Ossetiya","Vladikavkaz","","","312000","95"
"Russia","Chechen Rep.","Grozny","","","364000","95"
"Russia","Krasnodarsky kray","Krasnodar","","","646000","95"
"Russia","Krasnodarsky kray","Sochi","","","355000","95"
"Russia","Krasnodarsky kray","Novorossiysk","","","202000","95"
"Russia","Krasnodarsky kray","Armavir","","","164000","95"
"Russia","Stavropolsky kray","Stavropol","","","342000","95"
"Russia","Stavropolsky kray","Pyatigorsk","","","133000","95"
"Russia","Stavropolsky kray","Nevinnomyssk","","","131000","95"
"Russia","Stavropolsky kray","Kislovodsk","","","120000","95"
"Russia","Stavropolsky kray","Neftekamsk","","","117000","95"
"Russia","Kurganskaya oblast","Kurgan","","","363000","95"
"Russia","Sverdlovskaya oblast","Yekaterinburg","","","1280000","95"
"Russia","Sverdlovskaya oblast","Nizhniy Tagil","","","409000","95"
"Russia","Sverdlovskaya oblast","Kamensk Uralskiy","","","197000","95"
"Russia","Sverdlovskaya oblast","Pervouralsk","","","137000","95"
"Russia","Sverdlovskaya oblast","Serov","","","100000","95"
"Russia","Chelyabinskaya oblast","Chelyabinsk","","","1086000","95"
"Russia","Chelyabinskaya oblast","Magnitogorsk","","","427000","95"
"Russia","Chelyabinskaya oblast","Zlatoust","","","203000","95"
"Russia","Chelyabinskaya oblast","Miass","","","167000","95"
"Russia","Rep. of Altay","Gorno Altaysk","","","",""
"Russia","Altayskiy kray","Barnaul","","","596000","95"
"Russia","Altayskiy kray","Biysk","","","228000","95"
"Russia","Altayskiy kray","Rubtsovsk","","","170000","95"
"Russia","Kemerovskaya oblast","Kemerovo","","","503000","95"
"Russia","Kemerovskaya oblast","Novokuznetsk","","","572000","95"
"Russia","Kemerovskaya oblast","Prokopyevsk","","","253000","95"
"Russia","Kemerovskaya oblast","Leninsk Kuznetskiy","","","121000","95"
"Russia","Kemerovskaya oblast","Kiselyovsk","","","116000","95"
"Russia","Kemerovskaya oblast","Mezhdurechensk","","","105000","95"
"Russia","Kemerovskaya oblast","Anzhero Sudzhensk","","","101000","95"
"Russia","Novosibirskaya oblast","Novosibirsk","","","1369000","95"
"Russia","Omskaya oblast","Omsk","","","1163000","95"
"Russia","Tomskaya oblast","Tomsk","","","470000","95"
"Russia","Tyumenskaya oblast","Tyumen","","","494000","95"
"Russia","Tyumenskaya oblast","Surgut","","","263000","95"
"Russia","Tyumenskaya oblast","Nizhnevartovsk","","","238000","95"
"Russia","Rep. of Buryatiya","Ulan Ude","","","366000","95"
"Russia","Rep. of Tyva","Kyzyl","","","",""
"Russia","Rep. of Khakassiya","Abakan","","","161000","95"
"Russia","Krasnoyarskiy kray","Krasnoyarsk","56.0167","92.95","869000","95"
"Russia","Krasnoyarskiy kray","Norilsk","","","159000","95"
"Russia","Krasnoyarskiy kray","Achinsk","","","123000","95"
"Russia","Krasnoyarskiy kray","Kansk","","","109000","95"
"Russia","Irkutskaya oblast","Irkutsk","52.16","104.21","585000","95"
"Russia","Irkutskaya oblast","Angarsk","","","267000","95"
"Russia","Irkutskaya oblast","Bratsk","","","257000","95"
"Russia","Irkutskaya oblast","Ust Ilimsk","","","110000","95"
"Russia","Irkutskaya oblast","Usolye Sibirskoye","","","106000","95"
"Russia","Chitinskaya oblast","Chita","","","322000","95"
"Russia","Rep. of Sakha","Yakutsk","62.05","129.45","192000","95"
"Russia","Yevreyskaya avt. oblast","Birobidzhan","","","",""
"Russia","Chukotsky ao","Anadyr","","","",""
"Russia","Primorsky kray","Vladivostok","43.1167","131.917","632000","95"
"Russia","Primorsky kray","Nakhodka","","","163000","95"
"Russia","Primorsky kray","Ussuriysk","","","162000","95"
"Russia","Khabarovskiy kray","Khabarovsk","","","618000","95"
"Russia","Khabarovskiy kray","Komsomolsk na Amure","","","309000","95"
"Russia","Amurskaya oblast","Blagoveshchensk","","","214000","95"
"Russia","Kamchatskaya oblast","Petropavlovsk Kamchatsky","","","210000","95"
"Russia","Magadanskaya oblast","Magadan","60","152","128000","95"
"Russia","Sakhalinskaya oblast","Yuzhno Sakhalinsk","","","160000","95"