"Country","Province","City","Latitude","Longitude","Population","Year",
"USA","Alabama","Birmingham","33.5667","-86.75","265347","90"
"USA","Alabama","Mobile","30.6833","-88.25","196263","90"
"USA","Alabama","Montgomery","32.3833","-86.3667","190350","90"
"USA","Alabama","Huntsville","34.7","-86.5833","159880","90"
"USA","Alaska","Anchorage","61.1667","-150.017","226338","90"
"USA","Alaska","Juneau","58.3667","-134.583","19528","87"
"USA","Arizona","Phoenix","33.2","-112.2","984310","90"
"USA","Arizona","Tucson","","","411480","90"
"USA","Arizona","Mesa","","","289199","90"
"USA","Arizona","Glendale","","","147864","90"
"USA","Arizona","Scottsdale","","","130075","90"
"USA","Arizona","Tempe","","","141993","90"
"USA","Arizona","Chandler","","","89862","90"
"USA","Arkansas","Little Rock","34.4","-92.3","175727","90"
"USA","California","Los Angeles","34","-118","3485557","90"
"USA","California","San Diego","32.7333","-117.167","1110623","90"
"USA","California","San Jose","37.3667","-121.933","782224","90"
"USA","California","San Francisco","37.6167","-122.383","723959","90"
"USA","California","Long Beach","33.8167","-118.15","429321","90"
"USA","California","Fresno","","","354091","90"
"USA","California","Sacramento","38.5167","-121.5","369365","90"
"USA","California","Oakland","37.8167","-122.317","372242","90"
"USA","California","Santa Ana","33.75","-117.867","293827","90"
"USA","California","Anaheim","","","266406","90"
"USA","California","Riverside","","","226546","90"
"USA","California","Stockton","37.9","-121.25","210943","90"
"USA","California","Bakersfield","35.4167","-119.05","176264","90"
"USA","California","Huntington Beach","","","181519","90"
"USA","California","Fremont","","","173339","90"
"USA","California","Glendale","","","180038","90"
"USA","California","San Bernardino","","","170036","90"
"USA","California","Modesto","37.65","-121","164746","90"
"USA","California","Chula Vista","","","135160","90"
"USA","California","Oxnard","34.2","-119.183","142560","90"
"USA","California","Garden Grove","","","142965","90"
"USA","California","Oceanside","33.2333","-117.417","128090","90"
"USA","California","Ontario","34.05","-117.6","133179","90"
"USA","California","Moreno Valley","","","118779","90"
"USA","California","Torrance","","","133107","90"
"USA","California","Pomona","34.05","-117.75","131700","90"
"USA","California","Pasadena","34.15","-118.15","131586","90"
"USA","California","Irvine","","","110330","90"
"USA","California","Sunnyvale","","","117324","90"
"USA","California","Santa Clarita","","","120050","90"
"USA","California","Santa Rosa","38.5167","-122.817","113261","90"
"USA","California","Hayward","","","114705","90"
"USA","California","Fullerton","","","114144","90"
"USA","California","Orange","","","110658","90"
"USA","California","Rancho Cucamonga","","","101409","90"
"USA","California","Escondido","33.1167","-117.083","108648","90"
"USA","California","Lancaster","","","97300","90"
"USA","California","Thousand Oaks","","","104381","90"
"USA","California","Salinas","36.6667","-121.6","108777","90"
"USA","California","Inglewood","","","109602","90"
"USA","California","El Monte","","","106162","90"
"USA","California","Vallejo","","","109199","90"
"USA","California","Simi Valley","","","100218","90"
"USA","California","Palmdale","34.6333","-118.1","70262","90"
"USA","California","Fontana","","","87535","90"
"USA","California","Berkeley","","","102724","90"
"USA","California","West Covina","","","96226","90"
"USA","California","Costa Mesa","","","96357","90"
"USA","California","Norwalk","","","94279","90"
"USA","California","Corona","","","75943","90"
"USA","Colorado","Denver","39.75","-104.867","467610","90"
"USA","Colorado","Colorado Springs","38.8167","-104.717","280430","90"
"USA","Colorado","Aurora","","","222103","90"
"USA","Colorado","Lakewood","","","126475","90"
"USA","Colorado","Fort Collins","40.75","-105.083","87491","90"
"USA","Connecticut","Bridgeport","41.1833","-73.1833","141686","90"
"USA","Connecticut","Hartford","41.3","-72.4","139739","90"
"USA","Connecticut","New Haven","41.3167","-73.9167","130474","90"
"USA","Connecticut","Stamford","","","108056","90"
"USA","Connecticut","Waterbury","41.5833","-73.0667","108961","90"
"USA","Delaware","Dover","39.1333","-75.4667","23512","87"
"USA","Florida","Jacksonville","30.5","-81.7","635230","90"
"USA","Florida","Miami","25.4","-80.1","358648","90"
"USA","Florida","Tampa","","","280015","90"
"USA","Florida","St. Petersburg","27.7667","-83.3333","240318","90"
"USA","Florida","Hialeah","","","188008","90"
"USA","Florida","Orlando","28.55","-81.3833","164674","90"
"USA","Florida","Fort Lauderdale","","","149238","90"
"USA","Florida","Tallahassee","30.2","-84.1","124773","90"
"USA","Florida","Hollywood","","","121720","90"
"USA","Florida","Coral Springs","","","78864","90"
"USA","Florida","Pembroke Pines","","","65566","90"
"USA","Florida","Clearwater","","","98669","90"
"USA","Georgia","Columbus","39.5","-83","632945","90"
"USA","Georgia","Atlanta","33.4","-84.4","393929","90"
"USA","Georgia","Savannah","32.1333","-81.2","137812","90"
"USA","Georgia","Macon","32.7","-83.65","107365","90"
"USA","Hawaii","Honolulu","21.3333","-157.917","377059","90"
"USA","Hawaii","Hilo","20","-165","",""
"USA","Idaho","Boise City","43.4","-116.2","126685","90"
"USA","Illinois","Chicago","41.8833","-87.6333","2783726","90"
"USA","Illinois","Rockford","42.35","-89.05","141787","90"
"USA","Illinois","Aurora","41.75","-88.3333","99672","90"
"USA","Illinois","Peoria","40.6667","-89.6833","113513","90"
"USA","Illinois","Naperville","","","85806","90"
"USA","Indiana","Indianapolis","39.7333","-86.2833","731278","90"
"USA","Indiana","Fort Wayne","41","-85.2","191839","90"
"USA","Indiana","Evansville","38.05","-87.5333","126272","90"
"USA","Indiana","Gary","","","116646","90"
"USA","Indiana","South Bend","41.7","-86.3167","105511","90"
"USA","Iowa","Des Moines","41.5333","-93.65","193189","90"
"USA","Iowa","Cedar Rapids","41.8833","-91.7","108772","90"
"USA","Kansas","Kansas City","39.1167","-94.5833","434829","90"
"USA","Kansas","Wichita","37.65","-97.4167","304017","90"
"USA","Kansas","Overland Park","","","111790","90"
"USA","Kansas","Topeka","39.0667","-95.6333","119883","90"
"USA","Kentucky","Louisville","38.1833","-85.7333","269555","90"
"USA","Kentucky","Lexington Fayette","","","225366","90"
"USA","Kentucky","Frankfort","38.1","-84.5","25973","87"
"USA","Louisiana","New Orleans","29.9833","-90.25","496938","90"
"USA","Louisiana","Baton Rouge","30.5333","-91.15","219531","90"
"USA","Louisiana","Shreveport","","","198525","90"
"USA","Louisiana","Lafayette","30.2","-92","101852","90"
"USA","Maine","Augusta","44.3167","-69.8","21819","87"
"USA","Maryland","Baltimore","39.3333","-76.4167","736014","90"
"USA","Maryland","Annapolis","39","-76.3","31740","87"
"USA","Massachusetts","Boston","42.3667","-71.0333","574283","90"
"USA","Massachusetts","Worcester","42.2667","-71.8667","169759","90"
"USA","Massachusetts","Lowell","42.65","-71.3167","103439","90"
"USA","Michigan","Detroit","42.4167","-83.0167","1027974","90"
"USA","Michigan","Grand Rapids","42.8833","-85.5167","189126","90"
"USA","Michigan","Warren","","","144864","90"
"USA","Michigan","Flint","42.9667","-83.7333","140925","90"
"USA","Michigan","Lansing","42.7833","-84.6","127321","90"
"USA","Michigan","Sterling Heights","","","117810","90"
"USA","Michigan","Ann Arbor","","","109608","90"
"USA","Michigan","Livonia","","","100850","90"
"USA","Minnesota","Minneapolis","","","368383","90"
"USA","Minnesota","St. Paul","45","-93","272235","90"
"USA","Mississippi","Jackson","32.3167","-90.0833","202062","90"
"USA","Missouri","Kansas City","39.1167","-94.5833","434829","90"
"USA","Missouri","St. Louis","38.75","-90.3833","396685","90"
"USA","Missouri","Independence","","","112301","90"
"USA","Missouri","Jefferson City","38.5667","-92.1833","33619","87"
"USA","Montana","Helena","46.6","-112","23938","87"
"USA","Nebraska","Omaha","41.3","-95.9","342862","90"
"USA","Nebraska","Lincoln","40.5","-96.4","191972","90"
"USA","Nevada","Las Vegas","36.2","-115.2","258204","90"
"USA","Nevada","Reno","39.5","-119.783","133850","90"
"USA","Nevada","Henderson","","","64948","90"
"USA","Nevada","Carson City","39.1667","-119.767","32022","87"
"USA","New Hampshire","Manchester","","","99332","90"
"USA","New Jersey","Newark","40.7","-74.1667","275221","90"
"USA","New Jersey","Jersey City","","","228517","90"
"USA","New Jersey","Paterson","40.9","-74.15","140891","90"
"USA","New Jersey","Elizabeth","","","110002","90"
"USA","New Jersey","Trenton","40.2167","-74.7667","92124","87"
"USA","New Mexico","Albuquerque","","","384915","90"
"USA","New Mexico","Santa Fe","35.4","-106","48899","87"
"USA","New York","New York","40.4","-74","7322564","90"
"USA","New York","Buffalo","42.9333","-78.7333","328175","90"
"USA","New York","Rochester","43.1167","-77.6667","230356","90"
"USA","New York","Yonkers","","","188082","90"
"USA","New York","Syracuse","43.1167","-76.1167","163860","90"
"USA","New York","Albany","42.65","-73.75","100031","90"
"USA","North Carolina","Charlotte","35.2167","-80.9333","419539","90"
"USA","North Carolina","Raleigh","35.5","-78.4","212092","90"
"USA","North Carolina","Greensboro","","","183894","90"
"USA","North Carolina","Winston Salem","","","150958","90"
"USA","North Carolina","Durham","35.8667","-78.7833","138894","90"
"USA","North Carolina","Hendersonville","35.2","-82.2","6862","87"
"USA","North Dakota","Bismarck","46.4","-100.5","44485","87"
"USA","Ohio","Columbus","39.5","-83","632945","90"
"USA","Ohio","Cleveland","","","505616","90"
"USA","Ohio","Cincinnati","39.15","-84.5167","364114","90"
"USA","Ohio","Toledo","41.6","-83.8","332943","90"
"USA","Ohio","Akron","","","223019","90"
"USA","Ohio","Dayton","39.9","-84.2167","182005","90"
"USA","Oklahoma","Oklahoma City","35.3","-97.3","444724","90"
"USA","Oklahoma","Tulsa","36.2","-95.9","367302","90"
"USA","Oregon","Portland","45.6","-122.6","463634","90"
"USA","Oregon","Eugene","44.1167","-123.217","112733","90"
"USA","Oregon","Salem","44.9167","-123.017","107793","90"
"USA","Pennsylvania","Philadelphia","39.8833","-75.25","1585577","90"
"USA","Pennsylvania","Pittsburgh","40.45","-80","369879","90"
"USA","Pennsylvania","Erie","42.0833","-80.1833","108718","90"
"USA","Pennsylvania","Allentown","40.65","-75.4333","105301","90"
"USA","Pennsylvania","Harrisburg","40.2","-76.7667","53264","87"
"USA","Rhode Island","Providence","41.7333","-71.4333","160728","90"
"USA","South Carolina","Columbia","33.95","-81.1167","110734","90"
"USA","South Dakota","Sioux Falls","43.5667","-96.7333","100836","90"
"USA","South Dakota","Pierre","44.3833","-100.283","11973","87"
"USA","South Dakota","Rapid City","44.1","-103.1","46492","87"
"USA","Tennessee","Memphis","35.05","-90","618652","90"
"USA","Tennessee","Nashville Davidson","","","488366","90"
"USA","Tennessee","Knoxville","35.8167","-83.9833","169761","90"
"USA","Tennessee","Chattanooga","35.0333","-85.2","152393","90"
"USA","Tennessee","Nashville","36.1","-86.4","455657","87"
"USA","Texas","Houston","29.9667","-95.35","1637859","90"
"USA","Texas","San Antonio","29.3","-98.4","959295","90"
"USA","Texas","Dallas","32.85","-96.85","1007618","90"
"USA","Texas","El Paso","","","515342","90"
"USA","Texas","Austin","30.3","-97.7","472020","90"
"USA","Texas","Fort Worth","32.4","-97.1","447619","90"
"USA","Texas","Arlington","","","261717","90"
"USA","Texas","Corpus Christi","27.7667","-97.5","257453","90"
"USA","Texas","Lubbock","33.65","-101.817","186206","90"
"USA","Texas","Plano","","","127885","90"
"USA","Texas","Garland","","","180635","90"
"USA","Texas","Irving","","","155037","90"
"USA","Texas","Amarillo","35.2333","-100.7","157571","90"
"USA","Texas","Laredo","27.5333","-99.45","122899","90"
"USA","Texas","Brownsville","","","107027","90"
"USA","Texas","Pasadena","","","119604","90"
"USA","Texas","Mesquite","","","101484","90"
"USA","Texas","Beaumont","29.95","-94.0167","114323","90"
"USA","Texas","Grand Prairie","","","99606","90"
"USA","Texas","Abilene","32.4167","-99.6833","106707","90"
"USA","Texas","Waco","31.6167","-97.2167","103590","90"
"USA","Texas","McAllen","","","84021","90"
"USA","Texas","Wichita Falls","33.9667","-98.4833","96259","90"
"USA","Texas","Paris","33.6","-95.5","",""
"USA","Utah","Salt Lake City","40.4","-112","159928","90"
"USA","Vermont","Montpelier","44.2","-72.4","8241","87"
"USA","Virginia","Virginia Beach","","","393089","90"
"USA","Virginia","Norfolk","36.9","-76.2","261250","90"
"USA","Virginia","Richmond","37.5","-77.3333","202798","90"
"USA","Virginia","Chesapeake","","","151982","90"
"USA","Virginia","Newport News","","","171439","90"
"USA","Virginia","Arlington","","","170897","90"
"USA","Virginia","Hampton","","","133811","90"
"USA","Virginia","Alexandria","","","111182","90"
"USA","Virginia","Portsmouth","","","103910","90"
"USA","Virginia","Williamsburg","37.2","-76.5","9870","87"
"USA","Washington","Seattle","","","516259","90"
"USA","Washington","Spokane","","","177165","90"
"USA","Washington","Tacoma","","","176664","90"
"USA","Washington","Olympia","46.9667","-122.9","27447","87"
"USA","West Virginia","Charleston","38.3667","-81.6","63968","87"
"USA","Wisconsin","Milwaukee","42.95","-87.9","628088","90"
"USA","Wisconsin","Madison","43","-89.2","190766","90"
"USA","Wisconsin","Green Bay","44.4833","-88.1333","96466","90"
"USA","Wyoming","Cheyenne","41.15","-104.817","47283","87"
"USA","Distr. Columbia","Washington","38.5","-77","606900","90"