<airport id="435" iata="KOK" icao="EFKK" createdAt="2020-09-21T20:07:03.891+02:00">
  <name>Kokkola-Pietarsaari Airport</name>
  <city>Kruunupyy</city>
  <country>Finland</country>
  <geo>
    <latitude>63.721199035645</latitude>
    <longitude>23.143100738525</longitude>
    <altitude>84</altitude>
  </geo>
  <temporal>
    <timezone>2</timezone>
    <tzTimezone>Europe/Helsinki</tzTimezone>
    <dst>E</dst>
  </temporal>
  <type>airport</type>
  <source1>OurAirports</source1>
</airport>