<airport id="458" iata="TMP" icao="EFTP" createdAt="2020-09-21T20:07:03.891+02:00">
  <name>Tampere-Pirkkala Airport</name>
  <city>Tampere</city>
  <country>Finland</country>
  <geo>
    <latitude>61.414100646973</latitude>
    <longitude>23.604400634766</longitude>
    <altitude>390</altitude>
  </geo>
  <temporal>
    <timezone>2</timezone>
    <tzTimezone>Europe/Helsinki</tzTimezone>
    <dst>E</dst>
  </temporal>
  <type>airport</type>
  <source1>OurAirports</source1>
</airport>