<airport id="417" iata="ENF" icao="EFET" createdAt="2020-09-21T20:07:03.891+02:00">
  <name>Enontekio Airport</name>
  <city>Enontekio</city>
  <country>Finland</country>
  <geo>
    <latitude>68.362602233887</latitude>
    <longitude>23.424299240112</longitude>
    <altitude>1005</altitude>
  </geo>
  <temporal>
    <timezone>2</timezone>
    <tzTimezone>Europe/Helsinki</tzTimezone>
    <dst>E</dst>
  </temporal>
  <type>airport</type>
  <source1>OurAirports</source1>
</airport>