<airport id="455" iata="SVL" icao="EFSA" createdAt="2020-09-21T20:07:03.891+02:00">
  <name>Savonlinna Airport</name>
  <city>Savonlinna</city>
  <country>Finland</country>
  <geo>
    <latitude>61.943099975586</latitude>
    <longitude>28.945100784302</longitude>
    <altitude>311</altitude>
  </geo>
  <temporal>
    <timezone>2</timezone>
    <tzTimezone>Europe/Helsinki</tzTimezone>
    <dst>E</dst>
  </temporal>
  <type>airport</type>
  <source1>OurAirports</source1>
</airport>