<airport id="464" iata="YLI" icao="EFYL" createdAt="2020-09-21T20:07:03.891+02:00">
  <name>Ylivieska Airfield</name>
  <city>Ylivieska-raudaskyla</city>
  <country>Finland</country>
  <geo>
    <latitude>64.0547222</latitude>
    <longitude>24.7252778</longitude>
    <altitude>252</altitude>
  </geo>
  <temporal>
    <timezone>2</timezone>
    <tzTimezone>Europe/Helsinki</tzTimezone>
    <dst>E</dst>
  </temporal>
  <type>airport</type>
  <source1>OurAirports</source1>
</airport>