<airport id="421" iata="HEL" icao="EFHK" createdAt="2020-09-21T20:07:03.891+02:00">
  <name>Helsinki Vantaa Airport</name>
  <city>Helsinki</city>
  <country>Finland</country>
  <geo>
    <latitude>60.317199707031</latitude>
    <longitude>24.963300704956</longitude>
    <altitude>179</altitude>
  </geo>
  <temporal>
    <timezone>2</timezone>
    <tzTimezone>Europe/Helsinki</tzTimezone>
    <dst>E</dst>
  </temporal>
  <type>airport</type>
  <source1>OurAirports</source1>
</airport>