<airport id="420" iata="HEM" icao="EFHF" createdAt="2020-09-21T20:07:03.891+02:00">
  <name>Helsinki Malmi Airport</name>
  <city>Helsinki</city>
  <country>Finland</country>
  <geo>
    <latitude>60.254600524902344</latitude>
    <longitude>25.042800903320312</longitude>
    <altitude>57</altitude>
  </geo>
  <temporal>
    <timezone>2</timezone>
    <tzTimezone>Europe/Helsinki</tzTimezone>
    <dst>E</dst>
  </temporal>
  <type>airport</type>
  <source1>OurAirports</source1>
</airport>