<airport id="420" iata="HEM" icao="EFHF" createdAt="2020-10-06T14:59:03.149+02:00">
  <name>Helsinki Malmi Airport</name>
  <city>Helsinki</city>
  <country>Finland</country>
  <geo>
    <latitude>60.254600524902344</latitude>
    <longitude>25.042800903320312</longitude>
    <altitude>57</altitude>
  </geo>
  <temporal>
    <timezone>2</timezone>
    <timezoneTz>Europe/Helsinki</timezoneTz>
    <dst>E</dst>
  </temporal>
  <type>airport</type>
  <source>OurAirports</source>
</airport>