<airport id="421" iata="HEL" icao="EFHK" createdAt="2020-10-06T14:59:03.149+02:00">
  <name>Helsinki Vantaa Airport</name>
  <city>Helsinki</city>
  <country>Finland</country>
  <geo>
    <latitude>60.317199707031</latitude>
    <longitude>24.963300704956</longitude>
    <altitude>179</altitude>
  </geo>
  <temporal>
    <timezone>2</timezone>
    <timezoneTz>Europe/Helsinki</timezoneTz>
    <dst>E</dst>
  </temporal>
  <type>airport</type>
  <source>OurAirports</source>
</airport>