<airport id="458" iata="TMP" icao="EFTP" createdAt="2020-10-06T14:59:03.149+02:00">
  <name>Tampere-Pirkkala Airport</name>
  <city>Tampere</city>
  <country>Finland</country>
  <geo>
    <latitude>61.414100646973</latitude>
    <longitude>23.604400634766</longitude>
    <altitude>390</altitude>
  </geo>
  <temporal>
    <timezone>2</timezone>
    <timezoneTz>Europe/Helsinki</timezoneTz>
    <dst>E</dst>
  </temporal>
  <type>airport</type>
  <source>OurAirports</source>
</airport>