<airport id="435" iata="KOK" icao="EFKK" createdAt="2020-10-06T14:59:03.149+02:00">
  <name>Kokkola-Pietarsaari Airport</name>
  <city>Kruunupyy</city>
  <country>Finland</country>
  <geo>
    <latitude>63.721199035645</latitude>
    <longitude>23.143100738525</longitude>
    <altitude>84</altitude>
  </geo>
  <temporal>
    <timezone>2</timezone>
    <timezoneTz>Europe/Helsinki</timezoneTz>
    <dst>E</dst>
  </temporal>
  <type>airport</type>
  <source>OurAirports</source>
</airport>