<airport id="600" iata="NOC" icao="EIKN" createdAt="2020-09-21T20:07:03.891+02:00">
  <name>Ireland West Knock Airport</name>
  <city>Connaught</city>
  <country>Ireland</country>
  <geo>
    <latitude>53.910301208496094</latitude>
    <longitude>-8.818490028381348</longitude>
    <altitude>665</altitude>
  </geo>
  <temporal>
    <timezone>0</timezone>
    <tzTimezone>Europe/Dublin</tzTimezone>
    <dst>E</dst>
  </temporal>
  <type>airport</type>
  <source1>OurAirports</source1>
</airport>